<categories>
<category>
<id>all</id>
<catname>All</catname>
<imageurl>http://icons.iconarchive.com/icons/dailyoverview/tv/96/television-08-icon.png</imageurl>
</category>
<category>
<id>ent</id>
<catname>Entertainment</catname>
<imageurl>http://icons.iconarchive.com/icons/visualpharm/icons8-metro-style/64/Movie-Genres-Drama-icon.png</imageurl>
</category>
<category>
<id>news</id>
<catname>News</catname>
<imageurl>http://icons.iconarchive.com/icons/pelfusion/folded-flat/96/News-icon.png</imageurl>
</category>
<category>
<id>music</id>
<catname>Music</catname>
<imageurl>http://icons.iconarchive.com/icons/itzikgur/my-seven/96/Music-Piano-Chello-icon.png</imageurl>
</category>
<category>
<id>sports</id>
<catname>Sports</catname>
<imageurl>http://icons.iconarchive.com/icons/yingfengling-fl/i-love-sports/256/soccer-icon.png</imageurl>
</category>
</categories>