<streamingInfos>
	<streaminginfo>
		<id>2m</id>
		<url>2m</url>
	</streaminginfo>
	<streaminginfo>
		<id>abu_dhabi_drama</id>
		<url>abu_dhabi_drama</url>
	</streaminginfo>
	<streaminginfo>
		<id>abu_dhabi_sports_1</id>
		<url>abu_dhabi_sports_1</url>
	</streaminginfo>
	<streaminginfo>
		<id>abu_dhabi</id>
		<url>abu_dhabi</url>
	</streaminginfo>
	<streaminginfo>
		<id>aghanina</id>
		<url>aghanina</url>
	</streaminginfo>
	<streaminginfo>
		<id>ajyal</id>
		<url>ajyal</url>
	</streaminginfo>
	<streaminginfo>
		<id>al_aoula_maroc</id>
		<url>al_aoula_maroc</url>
	</streaminginfo>
	<streaminginfo>
		<id>al_haneen_music</id>
		<url>al_haneen_music</url>
	</streaminginfo>
	<streaminginfo>
		<id>al_janoubiya</id>
		<url>al_janoubiya</url>
	</streaminginfo>
	<streaminginfo>
		<id>al_karama</id>
		<url>al_karama</url>
	</streaminginfo>
	<streaminginfo>
		<id>al_maghribia</id>
		<url>al_maghribia</url>
	</streaminginfo>
	<streaminginfo>
		<id>al_majd</id>
		<url>al_majd</url>
	</streaminginfo>
	<streaminginfo>
		<id>al_manar</id>
		<url>al_manar</url>
	</streaminginfo>
	<streaminginfo>
		<id>al_masriyah</id>
		<url>al_masriyah</url>
	</streaminginfo>
	<streaminginfo>
		<id>al_moustakilla</id>
		<url>al_moustakilla</url>
	</streaminginfo>
	<streaminginfo>
		<id>al_mutawasit</id>
		<url>al_mutawasit</url>
	</streaminginfo>
	<streaminginfo>
		<id>al_rafidain</id>
		<url>al_rafidain</url>
	</streaminginfo>
	<streaminginfo>
		<id>al_sharqiya</id>
		<url>al_sharqiya</url>
	</streaminginfo>
	<streaminginfo>
		<id>al_sumaria</id>
		<url>al_sumaria</url>
	</streaminginfo>
	<streaminginfo>
		<id>al_thaniya</id>
		<url>al_thaniya</url>
	</streaminginfo>
	<streaminginfo>
		<id>al_tunisia</id>
		<url>al_tunisia</url>
	</streaminginfo>
	<streaminginfo>
		<id>al_mayaden</id>
		<url>al_mayaden</url>
	</streaminginfo>
	<streaminginfo>
		<id>al_hurria</id>
		<url>al_hurria</url>
	</streaminginfo>
	<streaminginfo>
		<id>al_nahar_drama</id>
		<url>al_nahar_drama</url>
	</streaminginfo>
	<streaminginfo>
		<id>al_resalah</id>
		<url>al_resalah</url>
	</streaminginfo>
	<streaminginfo>
		<id>al_hurra_iraq</id>
		<url>al_hurra_iraq</url>
	</streaminginfo>
	<streaminginfo>
		<id>algeria</id>
		<url>algeria</url>
	</streaminginfo>
	<streaminginfo>
		<id>alan</id>
		<url>alan</url>
	</streaminginfo>
	<streaminginfo>
		<id>alarabiya</id>
		<url>alarabiya</url>
	</streaminginfo>
	<streaminginfo>
		<id>algeria_3</id>
		<url>algeria_3</url>
	</streaminginfo>
	<streaminginfo>
		<id>alhayat_1</id>
		<url>alhayat_1</url>
	</streaminginfo>
	<streaminginfo>
		<id>alhayat_cinema</id>
		<url>alhayat_cinema</url>
	</streaminginfo>
	<streaminginfo>
		<id>alhayat_series</id>
		<url>alhayat_series</url>
	</streaminginfo>
	<streaminginfo>
		<id>aliraqiya</id>
		<url>aliraqiya</url>
	</streaminginfo>
	<streaminginfo>
		<id>aljadeed</id>
		<url>aljadeed</url>
	</streaminginfo>
	<streaminginfo>
		<id>aljazeera_children</id>
		<url>aljazeera_children</url>
	</streaminginfo>
	<streaminginfo>
		<id>aljazeera_doc</id>
		<url>aljazeera_doc</url>
	</streaminginfo>
	<streaminginfo>
		<id>aljazeera</id>
		<url>aljazeera</url>
	</streaminginfo>
	<streaminginfo>
		<id>alqudis</id>
		<url>alqudis</url>
	</streaminginfo>
	<streaminginfo>
		<id>alrashid</id>
		<url>alrashid</url>
	</streaminginfo>
	<streaminginfo>
		<id>alriadia_sport</id>
		<url>alriadia_sport</url>
	</streaminginfo>
	<streaminginfo>
		<id>arabica_music</id>
		<url>arabica_music</url>
	</streaminginfo>
	<streaminginfo>
		<id>arrabia</id>
		<url>arrabia</url>
	</streaminginfo>
	<streaminginfo>
		<id>art_aflam_1</id>
		<url>art_aflam_1</url>
	</streaminginfo>
	<streaminginfo>
		<id>art_aflam_2</id>
		<url>art_aflam_2</url>
	</streaminginfo>
	<streaminginfo>
		<id>assadissa</id>
		<url>assadissa</url>
	</streaminginfo>
	<streaminginfo>
		<id>bbc_arabic</id>
		<url>bbc_arabic</url>
	</streaminginfo>
	<streaminginfo>
		<id>baghdadia</id>
		<url>baghdadia</url>
	</streaminginfo>
	<streaminginfo>
		<id>bahrain</id>
		<url>bahrain</url>
	</streaminginfo>
	<streaminginfo>
		<id>baraem</id>
		<url>baraem</url>
	</streaminginfo>
	<streaminginfo>
		<id>bein_sport_1</id>
		<url>bein_sport_1</url>
	</streaminginfo>
	<streaminginfo>
		<id>bein_sport_10</id>
		<url>bein_sport_10</url>
	</streaminginfo>
	<streaminginfo>
		<id>bein_sport_2</id>
		<url>bein_sport_2</url>
	</streaminginfo>
	<streaminginfo>
		<id>bein_sport_3</id>
		<url>bein_sport_3</url>
	</streaminginfo>
	<streaminginfo>
		<id>bein_sport_4</id>
		<url>bein_sport_4</url>
	</streaminginfo>
	<streaminginfo>
		<id>bein_sport_5</id>
		<url>bein_sport_5</url>
	</streaminginfo>
	<streaminginfo>
		<id>bein_sport_6</id>
		<url>bein_sport_6</url>
	</streaminginfo>
	<streaminginfo>
		<id>bein_sport_7</id>
		<url>bein_sport_7</url>
	</streaminginfo>
	<streaminginfo>
		<id>bein_sport_8</id>
		<url>bein_sport_8</url>
	</streaminginfo>
	<streaminginfo>
		<id>bein_sport_9</id>
		<url>bein_sport_9</url>
	</streaminginfo>
	<streaminginfo>
		<id>cbc_2</id>
		<url>cbc_2</url>
	</streaminginfo>
	<streaminginfo>
		<id>cbc_drama</id>
		<url>cbc_drama</url>
	</streaminginfo>
	<streaminginfo>
		<id>cbc_extra</id>
		<url>cbc_extra</url>
	</streaminginfo>
	<streaminginfo>
		<id>cbc_sofra</id>
		<url>cbc_sofra</url>
	</streaminginfo>
	<streaminginfo>
		<id>cbc_tv</id>
		<url>cbc_tv</url>
	</streaminginfo>
	<streaminginfo>
		<id>cbc</id>
		<url>cbc</url>
	</streaminginfo>
	<streaminginfo>
		<id>cctv_arabic</id>
		<url>cctv_arabic</url>
	</streaminginfo>
	<streaminginfo>
		<id>cairo_cinema</id>
		<url>cairo_cinema</url>
	</streaminginfo>
	<streaminginfo>
		<id>cairo_drama</id>
		<url>cairo_drama</url>
	</streaminginfo>
	<streaminginfo>
		<id>canal_plus</id>
		<url>canal_plus</url>
	</streaminginfo>
	<streaminginfo>
		<id>cartoon_network</id>
		<url>cartoon_network</url>
	</streaminginfo>
	<streaminginfo>
		<id>cima</id>
		<url>cima</url>
	</streaminginfo>
	<streaminginfo>
		<id>coran</id>
		<url>coran</url>
	</streaminginfo>
	<streaminginfo>
		<id>dream_1</id>
		<url>dream_1</url>
	</streaminginfo>
	<streaminginfo>
		<id>dubai_one</id>
		<url>dubai_one</url>
	</streaminginfo>
	<streaminginfo>
		<id>dubai_sport_1</id>
		<url>dubai_sport_1</url>
	</streaminginfo>
	<streaminginfo>
		<id>dubai_sport_2</id>
		<url>dubai_sport_2</url>
	</streaminginfo>
	<streaminginfo>
		<id>dubai</id>
		<url>dubai</url>
	</streaminginfo>
	<streaminginfo>
		<id>dzair_24</id>
		<url>dzair_24</url>
	</streaminginfo>
	<streaminginfo>
		<id>echorouk_tv</id>
		<url>echorouk_tv</url>
	</streaminginfo>
	<streaminginfo>
		<id>fatafeat</id>
		<url>fatafeat</url>
	</streaminginfo>
	<streaminginfo>
		<id>fox_movies</id>
		<url>fox_movies</url>
	</streaminginfo>
	<streaminginfo>
		<id>fox</id>
		<url>fox</url>
	</streaminginfo>
	<streaminginfo>
		<id>france24_arabic</id>
		<url>france24_arabic</url>
	</streaminginfo>
	<streaminginfo>
		<id>funoon</id>
		<url>funoon</url>
	</streaminginfo>
	<streaminginfo>
		<id>fx_arabia</id>
		<url>fx_arabia</url>
	</streaminginfo>
	<streaminginfo>
		<id>ghinwa</id>
		<url>ghinwa</url>
	</streaminginfo>
	<streaminginfo>
		<id>hanibal</id>
		<url>hanibal</url>
	</streaminginfo>
	<streaminginfo>
		<id>iqra</id>
		<url>iqra</url>
	</streaminginfo>
	<streaminginfo>
		<id>jordan</id>
		<url>jordan</url>
	</streaminginfo>
	<streaminginfo>
		<id>ksa_1</id>
		<url>ksa_1</url>
	</streaminginfo>
	<streaminginfo>
		<id>kalsan_tv</id>
		<url>kalsan_tv</url>
	</streaminginfo>
	<streaminginfo>
		<id>kuwait</id>
		<url>kuwait</url>
	</streaminginfo>
	<streaminginfo>
		<id>lbc</id>
		<url>lbc</url>
	</streaminginfo>
	<streaminginfo>
		<id>llbn</id>
		<url>llbn</url>
	</streaminginfo>
	<streaminginfo>
		<id>lbc_europe</id>
		<url>lbc_europe</url>
	</streaminginfo>
	<streaminginfo>
		<id>libya</id>
		<url>libya</url>
	</streaminginfo>
	<streaminginfo>
		<id>m6</id>
		<url>m6</url>
	</streaminginfo>
	<streaminginfo>
		<id>mbc_1</id>
		<url>mbc_1</url>
	</streaminginfo>
	<streaminginfo>
		<id>mbc_2</id>
		<url>mbc_2</url>
	</streaminginfo>
	<streaminginfo>
		<id>mbc_3</id>
		<url>mbc_3</url>
	</streaminginfo>
	<streaminginfo>
		<id>mbc_4</id>
		<url>mbc_4</url>
	</streaminginfo>
	<streaminginfo>
		<id>mbc_action</id>
		<url>mbc_action</url>
	</streaminginfo>
	<streaminginfo>
		<id>mbc_bollywood</id>
		<url>mbc_bollywood</url>
	</streaminginfo>
	<streaminginfo>
		<id>mbc_drama</id>
		<url>mbc_drama</url>
	</streaminginfo>
	<streaminginfo>
		<id>mbc_masr</id>
		<url>mbc_masr</url>
	</streaminginfo>
	<streaminginfo>
		<id>mbc_max</id>
		<url>mbc_max</url>
	</streaminginfo>
	<streaminginfo>
		<id>mbc_persia</id>
		<url>mbc_persia</url>
	</streaminginfo>
	<streaminginfo>
		<id>mtv</id>
		<url>mtv</url>
	</streaminginfo>
	<streaminginfo>
		<id>maghreb_1</id>
		<url>maghreb_1</url>
	</streaminginfo>
	<streaminginfo>
		<id>masrawi_aflam</id>
		<url>masrawi_aflam</url>
	</streaminginfo>
	<streaminginfo>
		<id>mauritanie</id>
		<url>mauritanie</url>
	</streaminginfo>
	<streaminginfo>
		<id>mazeka_zoom</id>
		<url>mazeka_zoom</url>
	</streaminginfo>
	<streaminginfo>
		<id>mazzika</id>
		<url>mazzika</url>
	</streaminginfo>
	<streaminginfo>
		<id>medi_1_sat</id>
		<url>medi_1_sat</url>
	</streaminginfo>
	<streaminginfo>
		<id>mehwar</id>
		<url>mehwar</url>
	</streaminginfo>
	<streaminginfo>
		<id>melody</id>
		<url>melody</url>
	</streaminginfo>
	<streaminginfo>
		<id>moga_comedy</id>
		<url>moga_comedy</url>
	</streaminginfo>
	<streaminginfo>
		<id>nbn</id>
		<url>nbn</url>
	</streaminginfo>
	<streaminginfo>
		<id>national_geo_ad</id>
		<url>national_geo_ad</url>
	</streaminginfo>
	<streaminginfo>
		<id>nessma</id>
		<url>nessma</url>
	</streaminginfo>
	<streaminginfo>
		<id>nile_cinema</id>
		<url>nile_cinema</url>
	</streaminginfo>
	<streaminginfo>
		<id>nile_comedy</id>
		<url>nile_comedy</url>
	</streaminginfo>
	<streaminginfo>
		<id>nile_drama_2</id>
		<url>nile_drama_2</url>
	</streaminginfo>
	<streaminginfo>
		<id>nile_drama</id>
		<url>nile_drama</url>
	</streaminginfo>
	<streaminginfo>
		<id>nile_family</id>
		<url>nile_family</url>
	</streaminginfo>
	<streaminginfo>
		<id>nile_life</id>
		<url>nile_life</url>
	</streaminginfo>
	<streaminginfo>
		<id>nile_news</id>
		<url>nile_news</url>
	</streaminginfo>
	<streaminginfo>
		<id>nile_sport</id>
		<url>nile_sport</url>
	</streaminginfo>
	<streaminginfo>
		<id>nile_tv</id>
		<url>nile_tv</url>
	</streaminginfo>
	<streaminginfo>
		<id>noor_dubai</id>
		<url>noor_dubai</url>
	</streaminginfo>
	<streaminginfo>
		<id>noursat</id>
		<url>noursat</url>
	</streaminginfo>
	<streaminginfo>
		<id>otv_lebanon</id>
		<url>otv_lebanon</url>
	</streaminginfo>
	<streaminginfo>
		<id>on_tv</id>
		<url>on_tv</url>
	</streaminginfo>
	<streaminginfo>
		<id>rotana_aflam</id>
		<url>rotana_aflam</url>
	</streaminginfo>
	<streaminginfo>
		<id>rotana_classic</id>
		<url>rotana_classic</url>
	</streaminginfo>
	<streaminginfo>
		<id>rotana_clip</id>
		<url>rotana_clip</url>
	</streaminginfo>
	<streaminginfo>
		<id>rotana_khaligi</id>
		<url>rotana_khaligi</url>
	</streaminginfo>
	<streaminginfo>
		<id>rotana_masriya</id>
		<url>rotana_masriya</url>
	</streaminginfo>
	<streaminginfo>
		<id>rotana_music</id>
		<url>rotana_music</url>
	</streaminginfo>
	<streaminginfo>
		<id>rotana_cinema</id>
		<url>rotana_cinema</url>
	</streaminginfo>
	<streaminginfo>
		<id>roya</id>
		<url>roya</url>
	</streaminginfo>
	<streaminginfo>
		<id>royali_somali</id>
		<url>royali_somali</url>
	</streaminginfo>
	<streaminginfo>
		<id>russia_alyaum</id>
		<url>russia_alyaum</url>
	</streaminginfo>
	<streaminginfo>
		<id>sama_dubai</id>
		<url>sama_dubai</url>
	</streaminginfo>
	<streaminginfo>
		<id>samira_tv</id>
		<url>samira_tv</url>
	</streaminginfo>
	<streaminginfo>
		<id>sharjah</id>
		<url>sharjah</url>
	</streaminginfo>
	<streaminginfo>
		<id>somali_channel</id>
		<url>somali_channel</url>
	</streaminginfo>
	<streaminginfo>
		<id>somsat_tv</id>
		<url>somsat_tv</url>
	</streaminginfo>
	<streaminginfo>
		<id>spacetoon</id>
		<url>spacetoon</url>
	</streaminginfo>
	<streaminginfo>
		<id>star_cinema</id>
		<url>star_cinema</url>
	</streaminginfo>
	<streaminginfo>
		<id>sudan_tv</id>
		<url>sudan_tv</url>
	</streaminginfo>
	<streaminginfo>
		<id>syria_drama</id>
		<url>syria_drama</url>
	</streaminginfo>
	<streaminginfo>
		<id>syria</id>
		<url>syria</url>
	</streaminginfo>
	<streaminginfo>
		<id>tf1</id>
		<url>tf1</url>
	</streaminginfo>
	<streaminginfo>
		<id>tnn</id>
		<url>tnn</url>
	</streaminginfo>
	<streaminginfo>
		<id>tvp_1_hd</id>
		<url>tvp_1_hd</url>
	</streaminginfo>
	<streaminginfo>
		<id>tvp_2_hd</id>
		<url>tvp_2_hd</url>
	</streaminginfo>
	<streaminginfo>
		<id>tvs</id>
		<url>tvs</url>
	</streaminginfo>
	<streaminginfo>
		<id>tamazigh_algeria</id>
		<url>tamazigh_algeria</url>
	</streaminginfo>
	<streaminginfo>
		<id>tchad</id>
		<url>tchad</url>
	</streaminginfo>
	<streaminginfo>
		<id>tele_liban</id>
		<url>tele_liban</url>
	</streaminginfo>
	<streaminginfo>
		<id>tele_sports</id>
		<url>tele_sports</url>
	</streaminginfo>
	<streaminginfo>
		<id>time_comedy</id>
		<url>time_comedy</url>
	</streaminginfo>
	<streaminginfo>
		<id>top_movies</id>
		<url>top_movies</url>
	</streaminginfo>
	<streaminginfo>
		<id>tounesna</id>
		<url>tounesna</url>
	</streaminginfo>
	<streaminginfo>
		<id>toyor_al_janah</id>
		<url>toyor_al_janah</url>
	</streaminginfo>
	<streaminginfo>
		<id>toyor_baby</id>
		<url>toyor_baby</url>
	</streaminginfo>
	<streaminginfo>
		<id>tunisia_national_1</id>
		<url>tunisia_national_1</url>
	</streaminginfo>
	<streaminginfo>
		<id>tunisia_national_2</id>
		<url>tunisia_national_2</url>
	</streaminginfo>
	<streaminginfo>
		<id>tv_polonia</id>
		<url>tv_polonia</url>
	</streaminginfo>
	<streaminginfo>
		<id>wanasah</id>
		<url>wanasah</url>
	</streaminginfo>
	<streaminginfo>
		<id>yemen</id>
		<url>yemen</url>
	</streaminginfo>
	<streaminginfo>
		<id>zagros</id>
		<url>zagros</url>
	</streaminginfo>
	<streaminginfo>
		<id>zaitouna</id>
		<url>zaitouna</url>
	</streaminginfo>
	<streaminginfo>
		<id>zee_aflam</id>
		<url>zee_aflam</url>
	</streaminginfo>
	<streaminginfo>
		<id>zee_alwan</id>
		<url>zee_alwan</url>
	</streaminginfo>
</streamingInfos>