<channels>
	<channel>
		<cname>2M</cname>
		<imageurl>http://www.teledunet.com/tv_/icones/2m.jpg</imageurl>
		<enabled>True</enabled>
		<assignedcategory>
			<category>ent</category>
			<category>africa</category>
		</assignedcategory>
	</channel>
	<channel>
		<cname>Abu Dhabi Drama</cname>
		<imageurl>http://www.teledunet.com/tv_/icones/abu_dhabi_drama.jpg</imageurl>
		<enabled>True</enabled>
		<assignedcategory>
			<category>drama</category>
		</assignedcategory>
	</channel>
	<channel>
		<cname>Abu Dhabi Sports 1</cname>
		<imageurl>http://www.teledunet.com/tv_/icones/abu_dhabi_sports_1.jpg</imageurl>
		<enabled>True</enabled>
		<assignedcategory>
			<category>sports</category>
		</assignedcategory>
	</channel>
	<channel>
		<cname>Abu Dhabi</cname>
		<imageurl>http://www.teledunet.com/tv_/icones/abu_dhabi.jpg</imageurl>
		<enabled>True</enabled>
		<assignedcategory>
			<category>ent</category>
			<category>gulf</category>
		</assignedcategory>
	</channel>
	<channel>
		<cname>Aghanina</cname>
		<imageurl>http://www.teledunet.com/tv_/icones/aghanina.jpg</imageurl>
		<enabled>True</enabled>
		<assignedcategory>
			<category>music</category>
		</assignedcategory>
	</channel>
	<channel>
		<cname>Ajyal</cname>
		<imageurl>http://www.teledunet.com/tv_/icones/ajyal.jpg</imageurl>
		<enabled>True</enabled>
		<assignedcategory>
			<category>kids</category>
		</assignedcategory>
	</channel>
	<channel>
		<cname>Al Aoula Maroc</cname>
		<imageurl>http://www.teledunet.com/tv_/icones/al_aoula_maroc.jpg</imageurl>
		<enabled>True</enabled>
		<assignedcategory>
			<category>africa</category>
		</assignedcategory>
	</channel>
	<channel>
		<cname>Al Haneen Music</cname>
		<imageurl>http://www.teledunet.com/tv_/icones/al_haneen_music.jpg</imageurl>
		<enabled>True</enabled>
		<assignedcategory>
			<category>music</category>
		</assignedcategory>
	</channel>
	<channel>
		<cname>Al Janoubiya</cname>
		<imageurl>http://www.teledunet.com/tv_/icones/al_janoubiya.jpg</imageurl>
		<enabled>True</enabled>
		<assignedcategory>
			<category>africa</category>
		</assignedcategory>
	</channel>
	<channel>
		<cname>Al Karama</cname>
		<imageurl>http://www.teledunet.com/tv_/icones/al_karama.jpg</imageurl>
		<enabled>True</enabled>
		<assignedcategory>
			<category>islam</category>
		</assignedcategory>
	</channel>
	<channel>
		<cname>Al Maghribia</cname>
		<imageurl>http://www.teledunet.com/tv_/icones/al_maghribia.jpg</imageurl>
		<enabled>True</enabled>
		<assignedcategory>
			<category>africa</category>
		</assignedcategory>
	</channel>
	<channel>
		<cname>Al Majd</cname>
		<imageurl>http://www.teledunet.com/tv_/icones/al_majd.jpg</imageurl>
		<enabled>True</enabled>
		<assignedcategory>
			<category>islam</category>
			<category>gulf</category>
		</assignedcategory>
	</channel>
	<channel>
		<cname>Al Manar</cname>
		<imageurl>http://www.teledunet.com/tv_/icones/al_manar.jpg</imageurl>
		<enabled>True</enabled>
		<assignedcategory>
			<category>news</category>
			<category>sham</category>
		</assignedcategory>
	</channel>
	<channel>
		<cname>Al Masriyah</cname>
		<imageurl>http://www.teledunet.com/tv_/icones/al_masriyah.jpg</imageurl>
		<enabled>True</enabled>
		<assignedcategory>
			<category>egypt</category>
		</assignedcategory>
	</channel>
	<channel>
		<cname>Al Moustakilla</cname>
		<imageurl>http://www.teledunet.com/tv_/icones/al_moustakilla.jpg</imageurl>
		<enabled>True</enabled>
		<assignedcategory>
			<category>africa</category>
		</assignedcategory>
	</channel>
	<channel>
		<cname>Al Mutawasit</cname>
		<imageurl>http://www.teledunet.com/tv_/icones/al_mutawasit.jpg</imageurl>
		<enabled>True</enabled>
		<assignedcategory>
			<category>africa</category>
		</assignedcategory>
	</channel>
	<channel>
		<cname>Al Rafidain</cname>
		<imageurl>http://www.teledunet.com/tv_/icones/al_rafidain.jpg</imageurl>
		<enabled>True</enabled>
		<assignedcategory>
			<category>gulf</category>
		</assignedcategory>
	</channel>
	<channel>
		<cname>Al Sharqiya</cname>
		<imageurl>http://www.teledunet.com/tv_/icones/al_sharqiya.jpg</imageurl>
		<enabled>True</enabled>
		<assignedcategory>
			<category>gulf</category>
		</assignedcategory>
	</channel>
	<channel>
		<cname>Al Sumaria</cname>
		<imageurl>http://www.teledunet.com/tv_/icones/al_sumaria.jpg</imageurl>
		<enabled>True</enabled>
		<assignedcategory>
			<category>gulf</category>
		</assignedcategory>
	</channel>
	<channel>
		<cname>Al Thaniya</cname>
		<imageurl>http://www.teledunet.com/tv_/icones/al_thaniya.jpg</imageurl>
		<enabled>True</enabled>
		<assignedcategory>
			<category>ent</category>
			<category>africa</category>
		</assignedcategory>
	</channel>
	<channel>
		<cname>Al Tunisia</cname>
		<imageurl>http://www.teledunet.com/tv_/icones/al_tunisia.jpg</imageurl>
		<enabled>True</enabled>
		<assignedcategory>
			<category>africa</category>
		</assignedcategory>
	</channel>
	<channel>
		<cname>Al mayaden</cname>
		<imageurl>http://www.teledunet.com/tv_/icones/al_mayaden.jpg</imageurl>
		<enabled>True</enabled>
		<assignedcategory>
			<category>news</category>
		</assignedcategory>
	</channel>
	<channel>
		<cname>Al-Hurria</cname>
		<imageurl>http://www.teledunet.com/tv_/icones/al_hurria.jpg</imageurl>
		<enabled>True</enabled>
		<assignedcategory>
			<category>news</category>
		</assignedcategory>
	</channel>
	<channel>
		<cname>Al-Nahar Drama</cname>
		<imageurl>http://www.teledunet.com/tv_/icones/al_nahar_drama.jpg</imageurl>
		<enabled>True</enabled>
		<assignedcategory>
			<category>drama</category>
		</assignedcategory>
	</channel>
	<channel>
		<cname>Al-Resalah</cname>
		<imageurl>http://www.teledunet.com/tv_/icones/al_resalah.jpg</imageurl>
		<enabled>True</enabled>
		<assignedcategory>
			<category>gulf</category>
			<category>islam</category>
		</assignedcategory>
	</channel>
	<channel>
		<cname>Al-hurra Iraq</cname>
		<imageurl>http://www.teledunet.com/tv_/icones/al_hurra_iraq.jpg</imageurl>
		<enabled>True</enabled>
		<assignedcategory>
			<category>gulf</category>
			<category>news</category>
		</assignedcategory>
	</channel>
	<channel>
		<cname>AlGeria</cname>
		<imageurl>http://www.teledunet.com/tv_/icones/algeria.jpg</imageurl>
		<enabled>True</enabled>
		<assignedcategory>
			<category>africa</category>
		</assignedcategory>
	</channel>
	<channel>
		<cname>Alan</cname>
		<imageurl>http://www.teledunet.com/tv_/icones/alan.jpg</imageurl>
		<enabled>True</enabled>
		<assignedcategory>
			<category>news</category>
		</assignedcategory>
	</channel>
	<channel>
		<cname>Alarabiya</cname>
		<imageurl>http://www.teledunet.com/tv_/icones/alarabiya.jpg</imageurl>
		<enabled>True</enabled>
		<assignedcategory>
			<category>news</category>
		</assignedcategory>
	</channel>
	<channel>
		<cname>Algeria 3</cname>
		<imageurl>http://www.teledunet.com/tv_/icones/algeria_3.jpg</imageurl>
		<enabled>True</enabled>
		<assignedcategory>
			<category>africa</category>
		</assignedcategory>
	</channel>
	<channel>
		<cname>Alhayat 1</cname>
		<imageurl>http://www.teledunet.com/tv_/icones/alhayat_1.jpg</imageurl>
		<enabled>True</enabled>
		<assignedcategory>
			<category>ent</category>
			<category>egypt</category>
		</assignedcategory>
	</channel>
	<channel>
		<cname>Alhayat Cinema</cname>
		<imageurl>http://www.teledunet.com/tv_/icones/alhayat_cinema.jpg</imageurl>
		<enabled>True</enabled>
		<assignedcategory>
			<category>drama</category>
		</assignedcategory>
	</channel>
	<channel>
		<cname>Alhayat-Series</cname>
		<imageurl>http://www.teledunet.com/tv_/icones/alhayat_series.jpg</imageurl>
		<enabled>True</enabled>
		<assignedcategory>
			<category>drama</category>
		</assignedcategory>
	</channel>
	<channel>
		<cname>Aliraqiya</cname>
		<imageurl>http://www.teledunet.com/tv_/icones/aliraqiya.jpg</imageurl>
		<enabled>True</enabled>
		<assignedcategory>
			<category>gulf</category>
		</assignedcategory>
	</channel>
	<channel>
		<cname>Aljadeed</cname>
		<imageurl>http://www.teledunet.com/tv_/icones/aljadeed.jpg</imageurl>
		<enabled>True</enabled>
		<assignedcategory>
			<category>sham</category>
		</assignedcategory>
	</channel>
	<channel>
		<cname>Aljazeera Children</cname>
		<imageurl>http://www.teledunet.com/tv_/icones/aljazeera_children.jpg</imageurl>
		<enabled>True</enabled>
		<assignedcategory>
			<category>kids</category>
		</assignedcategory>
	</channel>
	<channel>
		<cname>Aljazeera Doc</cname>
		<imageurl>http://www.teledunet.com/tv_/icones/aljazeera_doc.jpg</imageurl>
		<enabled>True</enabled>
		<assignedcategory>
			<category>doc</category>
		</assignedcategory>
	</channel>
	<channel>
		<cname>Aljazeera</cname>
		<imageurl>http://www.teledunet.com/tv_/icones/aljazeera.jpg</imageurl>
		<enabled>True</enabled>
		<assignedcategory>
			<category>news</category>
		</assignedcategory>
	</channel>
	<channel>
		<cname>Alqudis</cname>
		<imageurl>http://www.teledunet.com/tv_/icones/alqudis.jpg</imageurl>
		<enabled>True</enabled>
		<assignedcategory>
			<category>news</category>
			<category>sham</category>
		</assignedcategory>
	</channel>
	<channel>
		<cname>Alrashid</cname>
		<imageurl>http://www.teledunet.com/tv_/icones/alrashid.jpg</imageurl>
		<enabled>True</enabled>
		<assignedcategory>
			<category>gulf</category>
		</assignedcategory>
	</channel>
	<channel>
		<cname>Alriadia Sport</cname>
		<imageurl>http://www.teledunet.com/tv_/icones/alriadia_sport.jpg</imageurl>
		<enabled>True</enabled>
		<assignedcategory>
			<category>sports</category>
		</assignedcategory>
	</channel>
	<channel>
		<cname>Arabica Music</cname>
		<imageurl>http://www.teledunet.com/tv_/icones/arabica_music.jpg</imageurl>
		<enabled>True</enabled>
		<assignedcategory>
			<category>music</category>
		</assignedcategory>
	</channel>
	<channel>
		<cname>Arrabia</cname>
		<imageurl>http://www.teledunet.com/tv_/icones/arrabia.jpg</imageurl>
		<enabled>True</enabled>
		<assignedcategory>
			<category>sport</category>
			<category>africa</category>
		</assignedcategory>
	</channel>
	<channel>
		<cname>Art Aflam 1</cname>
		<imageurl>http://www.teledunet.com/tv_/icones/art_aflam_1.jpg</imageurl>
		<enabled>True</enabled>
		<assignedcategory>
			<category>drama</category>
		</assignedcategory>
	</channel>
	<channel>
		<cname>Art Aflam 2</cname>
		<imageurl>http://www.teledunet.com/tv_/icones/art_aflam_2.jpg</imageurl>
		<enabled>True</enabled>
		<assignedcategory>
			<category>drama</category>
		</assignedcategory>
	</channel>
	<channel>
		<cname>Assadissa</cname>
		<imageurl>http://www.teledunet.com/tv_/icones/assadissa.jpg</imageurl>
		<enabled>True</enabled>
		<assignedcategory>
			<category>islam</category>
			<category>africa</category>
		</assignedcategory>
	</channel>
	<channel>
		<cname>BBC Arabic</cname>
		<imageurl>http://www.teledunet.com/tv_/icones/bbc_arabic.jpg</imageurl>
		<enabled>True</enabled>
		<assignedcategory>
			<category>news</category>
		</assignedcategory>
	</channel>
	<channel>
		<cname>Baghdadia</cname>
		<imageurl>http://www.teledunet.com/tv_/icones/baghdadia.jpg</imageurl>
		<enabled>True</enabled>
		<assignedcategory>
			<category>gulf</category>
		</assignedcategory>
	</channel>
	<channel>
		<cname>Bahrain</cname>
		<imageurl>http://www.teledunet.com/tv_/icones/bahrain.jpg</imageurl>
		<enabled>True</enabled>
		<assignedcategory>
			<category>gulf</category>
		</assignedcategory>
	</channel>
	<channel>
		<cname>Baraem</cname>
		<imageurl>http://www.teledunet.com/tv_/icones/baraem.jpg</imageurl>
		<enabled>True</enabled>
		<assignedcategory>
			<category>kids</category>
		</assignedcategory>
	</channel>
	<channel>
		<cname>Bein Sport 1</cname>
		<imageurl>http://www.teledunet.com/tv_/icones/bein_sport_1.jpg</imageurl>
		<enabled>True</enabled>
		<assignedcategory>
			<category>sports</category>
		</assignedcategory>
	</channel>
	<channel>
		<cname>Bein Sport 10</cname>
		<imageurl>http://www.teledunet.com/tv_/icones/bein_sport_10.jpg</imageurl>
		<enabled>True</enabled>
		<assignedcategory>
			<category>sports</category>
		</assignedcategory>
	</channel>
	<channel>
		<cname>Bein Sport 2</cname>
		<imageurl>http://www.teledunet.com/tv_/icones/bein_sport_2.jpg</imageurl>
		<enabled>True</enabled>
		<assignedcategory>
			<category>sports</category>
		</assignedcategory>
	</channel>
	<channel>
		<cname>Bein Sport 3</cname>
		<imageurl>http://www.teledunet.com/tv_/icones/bein_sport_3.jpg</imageurl>
		<enabled>True</enabled>
		<assignedcategory>
			<category>sports</category>
		</assignedcategory>
	</channel>
	<channel>
		<cname>Bein Sport 4</cname>
		<imageurl>http://www.teledunet.com/tv_/icones/bein_sport_4.jpg</imageurl>
		<enabled>True</enabled>
		<assignedcategory>
			<category>sports</category>
		</assignedcategory>
	</channel>
	<channel>
		<cname>Bein Sport 5</cname>
		<imageurl>http://www.teledunet.com/tv_/icones/bein_sport_5.jpg</imageurl>
		<enabled>True</enabled>
		<assignedcategory>
			<category>sports</category>
		</assignedcategory>
	</channel>
	<channel>
		<cname>Bein Sport 6</cname>
		<imageurl>http://www.teledunet.com/tv_/icones/bein_sport_6.jpg</imageurl>
		<enabled>True</enabled>
		<assignedcategory>
			<category>sports</category>
		</assignedcategory>
	</channel>
	<channel>
		<cname>Bein Sport 7</cname>
		<imageurl>http://www.teledunet.com/tv_/icones/bein_sport_7.jpg</imageurl>
		<enabled>True</enabled>
		<assignedcategory>
			<category>sports</category>
		</assignedcategory>
	</channel>
	<channel>
		<cname>Bein Sport 8</cname>
		<imageurl>http://www.teledunet.com/tv_/icones/bein_sport_8.jpg</imageurl>
		<enabled>True</enabled>
		<assignedcategory>
			<category>sports</category>
		</assignedcategory>
	</channel>
	<channel>
		<cname>Bein Sport 9</cname>
		<imageurl>http://www.teledunet.com/tv_/icones/bein_sport_9.jpg</imageurl>
		<enabled>True</enabled>
		<assignedcategory>
			<category>sports</category>
		</assignedcategory>
	</channel>
	<channel>
		<cname>CBC 2</cname>
		<imageurl>http://www.teledunet.com/tv_/icones/cbc_2.jpg</imageurl>
		<enabled>True</enabled>
		<assignedcategory>
			<category>egypt</category>
		</assignedcategory>
	</channel>
	<channel>
		<cname>CBC Drama</cname>
		<imageurl>http://www.teledunet.com/tv_/icones/cbc_drama.jpg</imageurl>
		<enabled>True</enabled>
		<assignedcategory>
			<category>drama</category>
		</assignedcategory>
	</channel>
	<channel>
		<cname>CBC Extra</cname>
		<imageurl>http://www.teledunet.com/tv_/icones/cbc_extra.jpg</imageurl>
		<enabled>True</enabled>
		<assignedcategory>
			<category>egypt</category>
		</assignedcategory>
	</channel>
	<channel>
		<cname>CBC Sofra</cname>
		<imageurl>http://www.teledunet.com/tv_/icones/cbc_sofra.jpg</imageurl>
		<enabled>True</enabled>
		<assignedcategory>
			<category>cook</category>
		</assignedcategory>
	</channel>
	<channel>
		<cname>CBC Tv</cname>
		<imageurl>http://www.teledunet.com/tv_/icones/cbc_tv.jpg</imageurl>
		<enabled>True</enabled>
		<assignedcategory>
			<category>egypt</category>
		</assignedcategory>
	</channel>
	<channel>
		<cname>CBC</cname>
		<imageurl>http://www.teledunet.com/tv_/icones/cbc.jpg</imageurl>
		<enabled>True</enabled>
		<assignedcategory>
			<category>ent</category>
			<category>egypt</category>
		</assignedcategory>
	</channel>
	<channel>
		<cname>CCTV Arabic</cname>
		<imageurl>http://www.teledunet.com/tv_/icones/cctv_arabic.jpg</imageurl>
		<enabled>True</enabled>
		<assignedcategory>
			<category>news</category>
		</assignedcategory>
	</channel>
	<channel>
		<cname>Cairo Cinema</cname>
		<imageurl>http://www.teledunet.com/tv_/icones/cairo_cinema.jpg</imageurl>
		<enabled>True</enabled>
		<assignedcategory>
			<category>drama</category>
		</assignedcategory>
	</channel>
	<channel>
		<cname>Cairo Drama</cname>
		<imageurl>http://www.teledunet.com/tv_/icones/cairo_drama.jpg</imageurl>
		<enabled>True</enabled>
		<assignedcategory>
			<category>drama</category>
		</assignedcategory>
	</channel>
	<channel>
		<cname>Canal plus</cname>
		<imageurl>http://www.teledunet.com/tv_/icones/canal_plus.jpg</imageurl>
		<enabled>True</enabled>
		<assignedcategory>
			<category>french</category>
		</assignedcategory>
	</channel>
	<channel>
		<cname>Cartoon Network</cname>
		<imageurl>http://www.teledunet.com/tv_/icones/cartoon_network.jpg</imageurl>
		<enabled>True</enabled>
		<assignedcategory>
			<category>kids</category>
		</assignedcategory>
	</channel>
	<channel>
		<cname>Cima</cname>
		<imageurl>http://www.teledunet.com/tv_/icones/cima.jpg</imageurl>
		<enabled>True</enabled>
		<assignedcategory>
			<category>drama</category>
		</assignedcategory>
	</channel>
	<channel>
		<cname>Coran</cname>
		<imageurl>http://www.teledunet.com/tv_/icones/coran.jpg</imageurl>
		<enabled>True</enabled>
		<assignedcategory>
			<category>islam</category>
		</assignedcategory>
	</channel>
	<channel>
		<cname>Dream 1</cname>
		<imageurl>http://www.teledunet.com/tv_/icones/dream_1.jpg</imageurl>
		<enabled>True</enabled>
		<assignedcategory>
			<category>ent</category>
			<category>egypt</category>
		</assignedcategory>
	</channel>
	<channel>
		<cname>Dubai One</cname>
		<imageurl>http://www.teledunet.com/tv_/icones/dubai_one.jpg</imageurl>
		<enabled>True</enabled>
		<assignedcategory>
			<category>drama</category>
		</assignedcategory>
	</channel>
	<channel>
		<cname>Dubai Sport 1</cname>
		<imageurl>http://www.teledunet.com/tv_/icones/dubai_sport_1.jpg</imageurl>
		<enabled>True</enabled>
		<assignedcategory>
			<category>sports</category>
		</assignedcategory>
	</channel>
	<channel>
		<cname>Dubai Sport 2</cname>
		<imageurl>http://www.teledunet.com/tv_/icones/dubai_sport_2.jpg</imageurl>
		<enabled>True</enabled>
		<assignedcategory>
			<category>sports</category>
		</assignedcategory>
	</channel>
	<channel>
		<cname>Dubai</cname>
		<imageurl>http://www.teledunet.com/tv_/icones/dubai.jpg</imageurl>
		<enabled>True</enabled>
		<assignedcategory>
			<category>gulf</category>
			<category>ent</category>
		</assignedcategory>
	</channel>
	<channel>
		<cname>Dzair 24</cname>
		<imageurl>http://www.teledunet.com/tv_/icones/dzair_24.jpg</imageurl>
		<enabled>True</enabled>
		<assignedcategory>
			<category>africa</category>
		</assignedcategory>
	</channel>
	<channel>
		<cname>Echorouk Tv</cname>
		<imageurl>http://www.teledunet.com/tv_/icones/echorouk_tv.jpg</imageurl>
		<enabled>True</enabled>
		<assignedcategory>
			<category>africa</category>
		</assignedcategory>
	</channel>
	<channel>
		<cname>Fatafeat</cname>
		<imageurl>http://www.teledunet.com/tv_/icones/fatafeat.jpg</imageurl>
		<enabled>True</enabled>
		<assignedcategory>
			<category>cook</category>
		</assignedcategory>
	</channel>
	<channel>
		<cname>Fox Movies</cname>
		<imageurl>http://www.teledunet.com/tv_/icones/fox_movies.jpg</imageurl>
		<enabled>True</enabled>
		<assignedcategory>
			<category>drama</category>
		</assignedcategory>
	</channel>
	<channel>
		<cname>Fox</cname>
		<imageurl>http://www.teledunet.com/tv_/icones/fox.jpg</imageurl>
		<enabled>True</enabled>
		<assignedcategory>
			<category>drama</category>
		</assignedcategory>
	</channel>
	<channel>
		<cname>France24 Arabic</cname>
		<imageurl>http://www.teledunet.com/tv_/icones/france24_arabic.jpg</imageurl>
		<enabled>True</enabled>
		<assignedcategory>
			<category>news</category>
		</assignedcategory>
	</channel>
	<channel>
		<cname>Funoon</cname>
		<imageurl>http://www.teledunet.com/tv_/icones/funoon.jpg</imageurl>
		<enabled>True</enabled>
		<assignedcategory>
			<category>drama</category>
		</assignedcategory>
	</channel>
	<channel>
		<cname>Fx Arabia</cname>
		<imageurl>http://www.teledunet.com/tv_/icones/fx_arabia.jpg</imageurl>
		<enabled>True</enabled>
		<assignedcategory>
			<category>drama</category>
		</assignedcategory>
	</channel>
	<channel>
		<cname>Ghinwa</cname>
		<imageurl>http://www.teledunet.com/tv_/icones/ghinwa.jpg</imageurl>
		<enabled>True</enabled>
		<assignedcategory>
			<category>music</category>
		</assignedcategory>
	</channel>
	<channel>
		<cname>Hanibal</cname>
		<imageurl>http://www.teledunet.com/tv_/icones/hanibal.jpg</imageurl>
		<enabled>True</enabled>
		<assignedcategory>
			<category>africa</category>
		</assignedcategory>
	</channel>
	<channel>
		<cname>Iqra</cname>
		<imageurl>http://www.teledunet.com/tv_/icones/iqra.jpg</imageurl>
		<enabled>True</enabled>
		<assignedcategory>
			<category>islam</category>
		</assignedcategory>
	</channel>
	<channel>
		<cname>Jordan</cname>
		<imageurl>http://www.teledunet.com/tv_/icones/jordan.jpg</imageurl>
		<enabled>True</enabled>
		<assignedcategory>
			<category>sham</category>
		</assignedcategory>
	</channel>
	<channel>
		<cname>KSA 1</cname>
		<imageurl>http://www.teledunet.com/tv_/icones/ksa_1.jpg</imageurl>
		<enabled>True</enabled>
		<assignedcategory>
			<category>gulf</category>
		</assignedcategory>
	</channel>
	<channel>
		<cname>Kalsan Tv</cname>
		<imageurl>http://www.teledunet.com/tv_/icones/kalsan_tv.jpg</imageurl>
		<enabled>True</enabled>
		<assignedcategory>
			<category>ent</category>
		</assignedcategory>
	</channel>
	<channel>
		<cname>Kuwait</cname>
		<imageurl>http://www.teledunet.com/tv_/icones/kuwait.jpg</imageurl>
		<enabled>True</enabled>
		<assignedcategory>
			<category>gulf</category>
		</assignedcategory>
	</channel>
	<channel>
		<cname>LBC</cname>
		<imageurl>http://www.teledunet.com/tv_/icones/lbc.jpg</imageurl>
		<enabled>True</enabled>
		<assignedcategory>
			<category>ent</category>
			<category>sham</category>
		</assignedcategory>
	</channel>
	<channel>
		<cname>LLBN</cname>
		<imageurl>http://www.teledunet.com/tv_/icones/llbn.jpg</imageurl>
		<enabled>True</enabled>
		<assignedcategory>
			<category>ent</category>
			<category>sham</category>
		</assignedcategory>
	</channel>
	<channel>
		<cname>Lbc Europe</cname>
		<imageurl>http://www.teledunet.com/tv_/icones/lbc_europe.jpg</imageurl>
		<enabled>True</enabled>
		<assignedcategory>
			<category>ent</category>
			<category>sham</category>
		</assignedcategory>
	</channel>
	<channel>
		<cname>Libya</cname>
		<imageurl>http://www.teledunet.com/tv_/icones/libya.jpg</imageurl>
		<enabled>True</enabled>
		<assignedcategory>
			<category>africa</category>
		</assignedcategory>
	</channel>
	<channel>
		<cname>M6</cname>
		<imageurl>http://www.teledunet.com/tv_/icones/m6.jpg</imageurl>
		<enabled>True</enabled>
		<assignedcategory>
			<category>french</category>
		</assignedcategory>
	</channel>
	<channel>
		<cname>MBC 1</cname>
		<imageurl>http://www.teledunet.com/tv_/icones/mbc_1.jpg</imageurl>
		<enabled>True</enabled>
		<assignedcategory>
			<category>ent</category>
			<category>gulf</category>
		</assignedcategory>
	</channel>
	<channel>
		<cname>MBC 2</cname>
		<imageurl>http://www.teledunet.com/tv_/icones/mbc_2.jpg</imageurl>
		<enabled>True</enabled>
		<assignedcategory>
			<category>drama</category>
		</assignedcategory>
	</channel>
	<channel>
		<cname>MBC 3</cname>
		<imageurl>http://www.teledunet.com/tv_/icones/mbc_3.jpg</imageurl>
		<enabled>True</enabled>
		<assignedcategory>
			<category>kids</category>
		</assignedcategory>
	</channel>
	<channel>
		<cname>MBC 4</cname>
		<imageurl>http://www.teledunet.com/tv_/icones/mbc_4.jpg</imageurl>
		<enabled>True</enabled>
		<assignedcategory>
			<category>drama</category>
		</assignedcategory>
	</channel>
	<channel>
		<cname>MBC Action</cname>
		<imageurl>http://www.teledunet.com/tv_/icones/mbc_action.jpg</imageurl>
		<enabled>True</enabled>
		<assignedcategory>
			<category>drama</category>
		</assignedcategory>
	</channel>
	<channel>
		<cname>MBC Bollywood</cname>
		<imageurl>http://www.teledunet.com/tv_/icones/mbc_bollywood.jpg</imageurl>
		<enabled>True</enabled>
		<assignedcategory>
			<category>drama</category>
		</assignedcategory>
	</channel>
	<channel>
		<cname>MBC Drama</cname>
		<imageurl>http://www.teledunet.com/tv_/icones/mbc_drama.jpg</imageurl>
		<enabled>True</enabled>
		<assignedcategory>
			<category>drama</category>
		</assignedcategory>
	</channel>
	<channel>
		<cname>MBC Masr</cname>
		<imageurl>http://www.teledunet.com/tv_/icones/mbc_masr.jpg</imageurl>
		<enabled>True</enabled>
		<assignedcategory>
			<category>ent</category>
			<category>egypt</category>
		</assignedcategory>
	</channel>
	<channel>
		<cname>MBC Max</cname>
		<imageurl>http://www.teledunet.com/tv_/icones/mbc_max.jpg</imageurl>
		<enabled>True</enabled>
		<assignedcategory>
			<category>drama</category>
		</assignedcategory>
	</channel>
	<channel>
		<cname>MBC Persia</cname>
		<imageurl>http://www.teledunet.com/tv_/icones/mbc_persia.jpg</imageurl>
		<enabled>True</enabled>
		<assignedcategory>
			<category>drama</category>
		</assignedcategory>
	</channel>
	<channel>
		<cname>MTV</cname>
		<imageurl>http://www.teledunet.com/tv_/icones/mtv.jpg</imageurl>
		<enabled>True</enabled>
		<assignedcategory>
			<category>music</category>
		</assignedcategory>
	</channel>
	<channel>
		<cname>Maghreb 1</cname>
		<imageurl>http://www.teledunet.com/tv_/icones/maghreb_1.jpg</imageurl>
		<enabled>True</enabled>
		<assignedcategory>
			<category>news</category>
			<category>africa</category>
		</assignedcategory>
	</channel>
	<channel>
		<cname>Masrawi Aflam</cname>
		<imageurl>http://www.teledunet.com/tv_/icones/masrawi_aflam.jpg</imageurl>
		<enabled>True</enabled>
		<assignedcategory>
			<category>drama</category>
		</assignedcategory>
	</channel>
	<channel>
		<cname>Mauritanie</cname>
		<imageurl>http://www.teledunet.com/tv_/icones/mauritanie.jpg</imageurl>
		<enabled>True</enabled>
		<assignedcategory>
			<category>africa</category>
		</assignedcategory>
	</channel>
	<channel>
		<cname>Mazeka zoom</cname>
		<imageurl>http://www.teledunet.com/tv_/icones/mazeka_zoom.jpg</imageurl>
		<enabled>True</enabled>
		<assignedcategory>
			<category>music</category>
		</assignedcategory>
	</channel>
	<channel>
		<cname>Mazzika</cname>
		<imageurl>http://www.teledunet.com/tv_/icones/mazzika.jpg</imageurl>
		<enabled>True</enabled>
		<assignedcategory>
			<category>music</category>
		</assignedcategory>
	</channel>
	<channel>
		<cname>Medi 1 Sat</cname>
		<imageurl>http://www.teledunet.com/tv_/icones/medi_1_sat.jpg</imageurl>
		<enabled>True</enabled>
		<assignedcategory>
			<category>africa</category>
		</assignedcategory>
	</channel>
	<channel>
		<cname>Mehwar</cname>
		<imageurl>http://www.teledunet.com/tv_/icones/mehwar.jpg</imageurl>
		<enabled>True</enabled>
		<assignedcategory>
			<category>egypt</category>
		</assignedcategory>
	</channel>
	<channel>
		<cname>Melody</cname>
		<imageurl>http://www.teledunet.com/tv_/icones/melody.jpg</imageurl>
		<enabled>True</enabled>
		<assignedcategory>
			<category>music</category>
		</assignedcategory>
	</channel>
	<channel>
		<cname>Moga Comedy</cname>
		<imageurl>http://www.teledunet.com/tv_/icones/moga_comedy.jpg</imageurl>
		<enabled>True</enabled>
		<assignedcategory>
			<category>drama</category>
		</assignedcategory>
	</channel>
	<channel>
		<cname>NBN</cname>
		<imageurl>http://www.teledunet.com/tv_/icones/nbn.jpg</imageurl>
		<enabled>True</enabled>
		<assignedcategory>
			<category>sham</category>
		</assignedcategory>
	</channel>
	<channel>
		<cname>National Geo Ad</cname>
		<imageurl>http://www.teledunet.com/tv_/icones/national_geo_ad.jpg</imageurl>
		<enabled>True</enabled>
		<assignedcategory>
			<category>doc</category>
		</assignedcategory>
	</channel>
	<channel>
		<cname>Nessma</cname>
		<imageurl>http://www.teledunet.com/tv_/icones/nessma.jpg</imageurl>
		<enabled>True</enabled>
		<assignedcategory>
			<category>africa</category>
		</assignedcategory>
	</channel>
	<channel>
		<cname>Nile Cinema</cname>
		<imageurl>http://www.teledunet.com/tv_/icones/nile_cinema.jpg</imageurl>
		<enabled>True</enabled>
		<assignedcategory>
			<category>drama</category>
		</assignedcategory>
	</channel>
	<channel>
		<cname>Nile Comedy</cname>
		<imageurl>http://www.teledunet.com/tv_/icones/nile_comedy.jpg</imageurl>
		<enabled>True</enabled>
		<assignedcategory>
			<category>drama</category>
		</assignedcategory>
	</channel>
	<channel>
		<cname>Nile Drama 2</cname>
		<imageurl>http://www.teledunet.com/tv_/icones/nile_drama_2.jpg</imageurl>
		<enabled>True</enabled>
		<assignedcategory>
			<category>drama</category>
		</assignedcategory>
	</channel>
	<channel>
		<cname>Nile Drama</cname>
		<imageurl>http://www.teledunet.com/tv_/icones/nile_drama.jpg</imageurl>
		<enabled>True</enabled>
		<assignedcategory>
			<category>drama</category>
		</assignedcategory>
	</channel>
	<channel>
		<cname>Nile Family</cname>
		<imageurl>http://www.teledunet.com/tv_/icones/nile_family.jpg</imageurl>
		<enabled>True</enabled>
		<assignedcategory>
			<category>egypt</category>
		</assignedcategory>
	</channel>
	<channel>
		<cname>Nile Life</cname>
		<imageurl>http://www.teledunet.com/tv_/icones/nile_life.jpg</imageurl>
		<enabled>True</enabled>
		<assignedcategory>
			<category>egypt</category>
		</assignedcategory>
	</channel>
	<channel>
		<cname>Nile News</cname>
		<imageurl>http://www.teledunet.com/tv_/icones/nile_news.jpg</imageurl>
		<enabled>True</enabled>
		<assignedcategory>
			<category>news</category>
		</assignedcategory>
	</channel>
	<channel>
		<cname>Nile Sport</cname>
		<imageurl>http://www.teledunet.com/tv_/icones/nile_sport.jpg</imageurl>
		<enabled>True</enabled>
		<assignedcategory>
			<category>sports</category>
		</assignedcategory>
	</channel>
	<channel>
		<cname>Nile Tv</cname>
		<imageurl>http://www.teledunet.com/tv_/icones/nile_tv.jpg</imageurl>
		<enabled>True</enabled>
		<assignedcategory>
			<category>egypt</category>
		</assignedcategory>
	</channel>
	<channel>
		<cname>Noor Dubai</cname>
		<imageurl>http://www.teledunet.com/tv_/icones/noor_dubai.jpg</imageurl>
		<enabled>True</enabled>
		<assignedcategory>
			<category>gulf</category>
			<category>islam</category>
		</assignedcategory>
	</channel>
	<channel>
		<cname>Noursat</cname>
		<imageurl>http://www.teledunet.com/tv_/icones/noursat.jpg</imageurl>
		<enabled>True</enabled>
		<assignedcategory>
			<category>french</category>
		</assignedcategory>
	</channel>
	<channel>
		<cname>OTV Lebanon</cname>
		<imageurl>http://www.teledunet.com/tv_/icones/otv_lebanon.jpg</imageurl>
		<enabled>True</enabled>
		<assignedcategory>
			<category>sham</category>
		</assignedcategory>
	</channel>
	<channel>
		<cname>On TV</cname>
		<imageurl>http://www.teledunet.com/tv_/icones/on_tv.jpg</imageurl>
		<enabled>True</enabled>
		<assignedcategory>
			<category>news</category>
			<category>egypt</category>
		</assignedcategory>
	</channel>
	<channel>
		<cname>Rotana Aflam</cname>
		<imageurl>http://www.teledunet.com/tv_/icones/rotana_aflam.jpg</imageurl>
		<enabled>True</enabled>
		<assignedcategory>
			<category>drama</category>
		</assignedcategory>
	</channel>
	<channel>
		<cname>Rotana Classic</cname>
		<imageurl>http://www.teledunet.com/tv_/icones/rotana_classic.jpg</imageurl>
		<enabled>True</enabled>
		<assignedcategory>
			<category>music</category>
		</assignedcategory>
	</channel>
	<channel>
		<cname>Rotana Clip</cname>
		<imageurl>http://www.teledunet.com/tv_/icones/rotana_clip.jpg</imageurl>
		<enabled>True</enabled>
		<assignedcategory>
			<category>music</category>
		</assignedcategory>
	</channel>
	<channel>
		<cname>Rotana Khaligi</cname>
		<imageurl>http://www.teledunet.com/tv_/icones/rotana_khaligi.jpg</imageurl>
		<enabled>True</enabled>
		<assignedcategory>
			<category>gulf</category>
		</assignedcategory>
	</channel>
	<channel>
		<cname>Rotana Masriya</cname>
		<imageurl>http://www.teledunet.com/tv_/icones/rotana_masriya.jpg</imageurl>
		<enabled>True</enabled>
		<assignedcategory>
			<category>egypt</category>
		</assignedcategory>
	</channel>
	<channel>
		<cname>Rotana Music</cname>
		<imageurl>http://www.teledunet.com/tv_/icones/rotana_music.jpg</imageurl>
		<enabled>True</enabled>
		<assignedcategory>
			<category>music</category>
		</assignedcategory>
	</channel>
	<channel>
		<cname>Rotana cinema</cname>
		<imageurl>http://www.teledunet.com/tv_/icones/rotana_cinema.jpg</imageurl>
		<enabled>True</enabled>
		<assignedcategory>
			<category>drama</category>
		</assignedcategory>
	</channel>
	<channel>
		<cname>Roya</cname>
		<imageurl>http://www.teledunet.com/tv_/icones/roya.jpg</imageurl>
		<enabled>True</enabled>
		<assignedcategory>
			<category>sham</category>
		</assignedcategory>
	</channel>
	<channel>
		<cname>Royali Somali</cname>
		<imageurl>http://www.teledunet.com/tv_/icones/royali_somali.jpg</imageurl>
		<enabled>True</enabled>
		<assignedcategory>
			<category>africa</category>
		</assignedcategory>
	</channel>
	<channel>
		<cname>Russia Alyaum</cname>
		<imageurl>http://www.teledunet.com/tv_/icones/russia_alyaum.jpg</imageurl>
		<enabled>True</enabled>
		<assignedcategory>
			<category>news</category>
		</assignedcategory>
	</channel>
	<channel>
		<cname>Sama Dubai</cname>
		<imageurl>http://www.teledunet.com/tv_/icones/sama_dubai.jpg</imageurl>
		<enabled>True</enabled>
		<assignedcategory>
			<category>gulf</category>
		</assignedcategory>
	</channel>
	<channel>
		<cname>Samira Tv</cname>
		<imageurl>http://www.teledunet.com/tv_/icones/samira_tv.jpg</imageurl>
		<enabled>True</enabled>
		<assignedcategory>
			<category>cook</category>
		</assignedcategory>
	</channel>
	<channel>
		<cname>Sharjah</cname>
		<imageurl>http://www.teledunet.com/tv_/icones/sharjah.jpg</imageurl>
		<enabled>True</enabled>
		<assignedcategory>
			<category>gulf</category>
			<category>islam</category>
		</assignedcategory>
	</channel>
	<channel>
		<cname>Somali Channel</cname>
		<imageurl>http://www.teledunet.com/tv_/icones/somali_channel.jpg</imageurl>
		<enabled>True</enabled>
		<assignedcategory>
			<category>africa</category>
		</assignedcategory>
	</channel>
	<channel>
		<cname>Somsat Tv</cname>
		<imageurl>http://www.teledunet.com/tv_/icones/somsat_tv.jpg</imageurl>
		<enabled>True</enabled>
		<assignedcategory>
			<category>french</category>
		</assignedcategory>
	</channel>
	<channel>
		<cname>Spacetoon</cname>
		<imageurl>http://www.teledunet.com/tv_/icones/spacetoon.jpg</imageurl>
		<enabled>True</enabled>
		<assignedcategory>
			<category>kids</category>
		</assignedcategory>
	</channel>
	<channel>
		<cname>Star Cinema</cname>
		<imageurl>http://www.teledunet.com/tv_/icones/star_cinema.jpg</imageurl>
		<enabled>True</enabled>
		<assignedcategory>
			<category>drama</category>
		</assignedcategory>
	</channel>
	<channel>
		<cname>Sudan TV</cname>
		<imageurl>http://www.teledunet.com/tv_/icones/sudan_tv.jpg</imageurl>
		<enabled>True</enabled>
		<assignedcategory>
			<category>africa</category>
		</assignedcategory>
	</channel>
	<channel>
		<cname>Syria Drama</cname>
		<imageurl>http://www.teledunet.com/tv_/icones/syria_drama.jpg</imageurl>
		<enabled>True</enabled>
		<assignedcategory>
			<category>drama</category>
		</assignedcategory>
	</channel>
	<channel>
		<cname>Syria</cname>
		<imageurl>http://www.teledunet.com/tv_/icones/syria.jpg</imageurl>
		<enabled>True</enabled>
		<assignedcategory>
			<category>sham</category>
		</assignedcategory>
	</channel>
	<channel>
		<cname>TF1</cname>
		<imageurl>http://www.teledunet.com/tv_/icones/tf1.jpg</imageurl>
		<enabled>True</enabled>
		<assignedcategory>
			<category>french</category>
		</assignedcategory>
	</channel>
	<channel>
		<cname>TNN</cname>
		<imageurl>http://www.teledunet.com/tv_/icones/tnn.jpg</imageurl>
		<enabled>True</enabled>
		<assignedcategory>
			<category>news</category>
			<category>africa</category>
		</assignedcategory>
	</channel>
	<channel>
		<cname>TVP 1 HD</cname>
		<imageurl>http://www.teledunet.com/tv_/icones/tvp_1_hd.jpg</imageurl>
		<enabled>True</enabled>
		<assignedcategory>
			<category>french</category>
		</assignedcategory>
	</channel>
	<channel>
		<cname>TVP 2 HD</cname>
		<imageurl>http://www.teledunet.com/tv_/icones/tvp_2_hd.jpg</imageurl>
		<enabled>True</enabled>
		<assignedcategory>
			<category>french</category>
		</assignedcategory>
	</channel>
	<channel>
		<cname>TVS</cname>
		<imageurl>http://www.teledunet.com/tv_/icones/tvs.jpg</imageurl>
		<enabled>True</enabled>
		<assignedcategory>
			<category>french</category>
		</assignedcategory>
	</channel>
	<channel>
		<cname>Tamazigh Algeria</cname>
		<imageurl>http://www.teledunet.com/tv_/icones/tamazigh_algeria.jpg</imageurl>
		<enabled>True</enabled>
		<assignedcategory>
			<category>africa</category>
		</assignedcategory>
	</channel>
	<channel>
		<cname>Tchad</cname>
		<imageurl>http://www.teledunet.com/tv_/icones/tchad.jpg</imageurl>
		<enabled>True</enabled>
		<assignedcategory>
			<category>french</category>
		</assignedcategory>
	</channel>
	<channel>
		<cname>Tele Liban</cname>
		<imageurl>http://www.teledunet.com/tv_/icones/tele_liban.jpg</imageurl>
		<enabled>True</enabled>
		<assignedcategory>
			<category>sham</category>
		</assignedcategory>
	</channel>
	<channel>
		<cname>Tele Sports</cname>
		<imageurl>http://www.teledunet.com/tv_/icones/tele_sports.jpg</imageurl>
		<enabled>True</enabled>
		<assignedcategory>
			<category>sports</category>
		</assignedcategory>
	</channel>
	<channel>
		<cname>Time Comedy</cname>
		<imageurl>http://www.teledunet.com/tv_/icones/time_comedy.jpg</imageurl>
		<enabled>True</enabled>
		<assignedcategory>
			<category>drama</category>
		</assignedcategory>
	</channel>
	<channel>
		<cname>Top Movies</cname>
		<imageurl>http://www.teledunet.com/tv_/icones/top_movies.jpg</imageurl>
		<enabled>True</enabled>
		<assignedcategory>
			<category>drama</category>
		</assignedcategory>
	</channel>
	<channel>
		<cname>Tounesna</cname>
		<imageurl>http://www.teledunet.com/tv_/icones/tounesna.jpg</imageurl>
		<enabled>True</enabled>
		<assignedcategory>
			<category>africa</category>
		</assignedcategory>
	</channel>
	<channel>
		<cname>Toyor Al Janah</cname>
		<imageurl>http://www.teledunet.com/tv_/icones/toyor_al_janah.jpg</imageurl>
		<enabled>True</enabled>
		<assignedcategory>
			<category>kids</category>
		</assignedcategory>
	</channel>
	<channel>
		<cname>Toyor baby</cname>
		<imageurl>http://www.teledunet.com/tv_/icones/toyor_baby.jpg</imageurl>
		<enabled>True</enabled>
		<assignedcategory>
			<category>kids</category>
		</assignedcategory>
	</channel>
	<channel>
		<cname>Tunisia national 1</cname>
		<imageurl>http://www.teledunet.com/tv_/icones/tunisia_national_1.jpg</imageurl>
		<enabled>True</enabled>
		<assignedcategory>
			<category>africa</category>
		</assignedcategory>
	</channel>
	<channel>
		<cname>Tunisia national 2</cname>
		<imageurl>http://www.teledunet.com/tv_/icones/tunisia_national_2.jpg</imageurl>
		<enabled>True</enabled>
		<assignedcategory>
			<category>africa</category>
		</assignedcategory>
	</channel>
	<channel>
		<cname>Tv Polonia</cname>
		<imageurl>http://www.teledunet.com/tv_/icones/tv_polonia.jpg</imageurl>
		<enabled>True</enabled>
		<assignedcategory>
			<category>french</category>
		</assignedcategory>
	</channel>
	<channel>
		<cname>Wanasah</cname>
		<imageurl>http://www.teledunet.com/tv_/icones/wanasah.jpg</imageurl>
		<enabled>True</enabled>
		<assignedcategory>
			<category>music</category>
		</assignedcategory>
	</channel>
	<channel>
		<cname>Yemen</cname>
		<imageurl>http://www.teledunet.com/tv_/icones/yemen.jpg</imageurl>
		<enabled>True</enabled>
		<assignedcategory>
			<category>gulf</category>
		</assignedcategory>
	</channel>
	<channel>
		<cname>Zagros</cname>
		<imageurl>http://www.teledunet.com/tv_/icones/zagros.jpg</imageurl>
		<enabled>True</enabled>
		<assignedcategory>
			<category>ent</category>
		</assignedcategory>
	</channel>
	<channel>
		<cname>Zaitouna</cname>
		<imageurl>http://www.teledunet.com/tv_/icones/zaitouna.jpg</imageurl>
		<enabled>True</enabled>
		<assignedcategory>
			<category>africa</category>
		</assignedcategory>
	</channel>
	<channel>
		<cname>Zee Aflam</cname>
		<imageurl>http://www.teledunet.com/tv_/icones/zee_aflam.jpg</imageurl>
		<enabled>True</enabled>
		<assignedcategory>
			<category>drama</category>
		</assignedcategory>
	</channel>
	<channel>
		<cname>Zee Alwan</cname>
		<imageurl>http://www.teledunet.com/tv_/icones/zee_alwan.jpg</imageurl>
		<enabled>True</enabled>
		<assignedcategory>
			<category>drama</category>
		</assignedcategory>
	</channel>
	<channel>
		<cname>Al Hiwar Ettounsi</cname>
		<imageurl>http://www.livetv.tn/images/icons/444.gif</imageurl>
		<enabled>True</enabled>
		<assignedcategory>
			<category>africa</category>
		</assignedcategory>
	</channel>
	<channel>
		<cname>Al 9ahira Wal Nas 2</cname>
		<imageurl>http://www.livetv.tn/images/icons/281.gif</imageurl>
		<enabled>True</enabled>
		<assignedcategory>
			<category>egypt</category>
		</assignedcategory>
	</channel>
	<channel>
		<cname>Al Nahar 2</cname>
		<imageurl>http://www.livetv.tn/images/icons/noicon.gif</imageurl>
		<enabled>True</enabled>
		<assignedcategory>
			<category>egypt</category>
		</assignedcategory>
	</channel>
	<channel>
		<cname>Al Nahar</cname>
		<imageurl>http://www.livetv.tn/images/icons/250.gif</imageurl>
		<enabled>True</enabled>
		<assignedcategory>
			<category>egypt</category>
		</assignedcategory>
	</channel>
	<channel>
		<cname>Telvza TV</cname>
		<imageurl>http://www.livetv.tn/images/icons/10.gif</imageurl>
		<enabled>True</enabled>
	</channel>
	<channel>
		<cname>Al Moutawaset TV</cname>
		<imageurl>http://www.livetv.tn/images/icons/11.gif</imageurl>
		<enabled>True</enabled>
	</channel>
		<channel>
		<cname>Bein 1 FR</cname>
		<imageurl>http://www.livetv.tn/images/icons/77.gif</imageurl>
		<enabled>True</enabled>
	</channel>
	<channel>
		<cname>Bein 2 FR</cname>
		<imageurl>http://www.livetv.tn/images/icons/78.gif</imageurl>
		<enabled>True</enabled>
	</channel>
	<channel>
		<cname>Dubai TV</cname>
		<imageurl>http://www.livetv.tn/images/icons/21.gif</imageurl>
		<enabled>True</enabled>
	</channel>
	<channel>
		<cname>Al Oula Maroc</cname>
		<imageurl>http://www.livetv.tn/images/icons/55.gif</imageurl>
		<enabled>True</enabled>
	</channel>
	<channel>
		<cname>Al-Nahar Drama</cname>
		<imageurl>http://www.livetv.tn/images/icons/58.gif</imageurl>
		<enabled>True</enabled>
	</channel>
	<channel>
		<cname>Tamazigh Maroc</cname>
		<imageurl>http://www.livetv.tn/images/icons/72.gif</imageurl>
		<enabled>True</enabled>
	</channel>
	<channel>
		<cname>Algerie 24</cname>
		<imageurl>http://www.livetv.tn/images/icons/116.gif</imageurl>
		<enabled>True</enabled>
	</channel>
	<channel>
		<cname>Melody Aflem</cname>
		<imageurl>http://www.livetv.tn/images/icons/130.gif</imageurl>
		<enabled>True</enabled>
	</channel>
	<channel>
		<cname>Mcm France</cname>
		<imageurl>http://www.livetv.tn/images/icons/258.gif</imageurl>
		<enabled>True</enabled>
	</channel>
	<channel>
		<cname>Canal Cinema</cname>
		<imageurl>http://www.livetv.tn/images/icons/280.gif</imageurl>
		<enabled>True</enabled>
	</channel>
	<channel>
		<cname>SadacAlBalad Drama</cname>
		<imageurl>http://www.livetv.tn/images/icons/282.gif</imageurl>
		<enabled>True</enabled>
	</channel>
	<channel>
		<cname>ONT</cname>
		<imageurl>http://www.livetv.tn/images/icons/293.gif</imageurl>
		<enabled>True</enabled>
	</channel>
	<channel>
		<cname>Cine Majesti</cname>
		<imageurl>http://www.livetv.tn/images/icons/29.gif</imageurl>
		<enabled>True</enabled>
	</channel>
	<channel>
		<cname>Bein 2 FR</cname>
		<imageurl>http://www.livetv.tn/images/icons/279.gif</imageurl>
		<enabled>True</enabled>
	</channel>

</channels>