<streamingsources>
<source>
<id>td</id>
<sname>Teledunet.com</sname>
<baseurl>http://www.teledunet.com/</baseurl>
<enabled>True</enabled>
<urlfile>teledunetUrls.xml</urlfile>
<rtmpstring>rtmp://5.135.134.110:1935/teledunet playpath=%s swfUrl=http://www.teledunet.com/tv_/player.swf?id0=%s&amp;skin=bekle/bekle.xml&amp;channel=%s  pageUrl=http://www.teledunet.com/tv_/?channel=%s&amp;no_pub live=true  timeout=15</rtmpstring>
<imageurl>http://www.teledunet.com/icon.png</imageurl>
<processor>teledunetPlayer.py</processor>
</source>
<source>
<id>livetv</id>
<sname>livetv.tn</sname>
<baseurl>http://www.livetv.tn/</baseurl>
<enabled>True</enabled>
<urlfile>livetvUrls.xml</urlfile>
<imageurl>http://www.livetv.tn/images/logoc.png</imageurl>
<processor>livetvPlayer.py</processor>
<rtmpstring>rtmp://tdsiptv.ddns.me/live playpath=%s?code=%s swfUrl=http://www.livetv.tn/flowplayer-3.2.7.swf pageUrl=http://www.livetv.tn  live=true  timeout=15</rtmpstring>
</source>
</streamingsources>
