<channels>
 <channel>
        <cname>Bein2 HD</cname>
        <imageurl>http://2.bp.blogspot.com/-90vek3OtDyE/UsOgqFDWjqI/AAAAAAAAHzQ/Z_gUKJpB6dQ/s1600/f_beIN+Sports+HD2+%5Bbein2%5D.png</imageurl>
        <enabled>True</enabled>
        <assignedcategory>
            <category>sports</category>
        </assignedcategory>
    </channel>
    
     <channel>
        <cname>Bein9 HD</cname>
        <imageurl>http://2.bp.blogspot.com/-2-XDROOByCs/UsOgsr564eI/AAAAAAAAHz8/00jdQ4GuBFw/s1600/f_beIN+Sports+HD9+%5Bbein2%5D.png</imageurl>
        <enabled>True</enabled>
        <assignedcategory>
            <category>sports</category>
        </assignedcategory>
    </channel>
    
    
    <channel>
        <cname>TMC</cname>
        <imageurl>http://i1064.photobucket.com/albums/u379/zombiB/tmc_zps97f4794e.png</imageurl>
        <enabled>True</enabled>
        <assignedcategory>
            <category>french</category>
        </assignedcategory>
    </channel>
    <channel>
        <cname>NT1</cname>
        <imageurl>http://i1064.photobucket.com/albums/u379/zombiB/NT1_zps0cf6c707.png</imageurl>
        <enabled>True</enabled>
        <assignedcategory>
            <category>french</category>
        </assignedcategory>
    </channel>
    <channel>
        <cname>NRJ 12</cname>
        <imageurl>http://i1064.photobucket.com/albums/u379/zombiB/ngj12_zpsdd1d8b54.png</imageurl>
        <enabled>True</enabled>
        <assignedcategory>
            <category>french</category>
        </assignedcategory>
    </channel>
    <channel>
        <cname>LCP</cname>
        <imageurl>http://i1064.photobucket.com/albums/u379/zombiB/LCP_zpsb1ae72f6.png</imageurl>
        <enabled>True</enabled>
        <assignedcategory>
            <category>french</category>
        </assignedcategory>
    </channel>
    <channel>
        <cname>Al-Nahar Drama 2</cname>
        <imageurl>http://i1064.photobucket.com/albums/u379/zombiB/drm2_zps5eef429a.png</imageurl>
        <enabled>True</enabled>
        <assignedcategory>
            <category>egypt</category>
        </assignedcategory>
    </channel>

    <channel>
        <cname>Palestine</cname>
        <imageurl>http://i1064.photobucket.com/albums/u379/zombiB/plstin_zpsc73a2ef5.png</imageurl>
        <enabled>True</enabled>
        <assignedcategory>
            <category>sham</category>
        </assignedcategory>
    </channel>

    <channel>
        <cname>El Djazairia</cname>
        <imageurl>http://i1064.photobucket.com/albums/u379/zombiB/djez_zpsddb209c6.png</imageurl>
        <enabled>True</enabled>
        <assignedcategory>
            <category>magreb</category>
        </assignedcategory>
    </channel>

    <channel>
        <cname>Dzair tv</cname>
        <imageurl>http://i1064.photobucket.com/albums/u379/zombiB/dzer_zpseefbfe79.png</imageurl>
        <enabled>True</enabled>
        <assignedcategory>
            <category>magreb</category>
        </assignedcategory>
    </channel>

    <channel>
        <cname>Alhayat2</cname>
        <imageurl>http://i1064.photobucket.com/albums/u379/zombiB/hyt2_zps5a349a8c.png</imageurl>
        <enabled>True</enabled>
        <assignedcategory>
            <category>egypt</category>
        </assignedcategory>
    </channel>
    <channel>
        <cname>Al Ikhbaria</cname>
        <imageurl>http://i1064.photobucket.com/albums/u379/zombiB/ekh_zpse8cea69a.png</imageurl>
        <enabled>True</enabled>
        <assignedcategory>
            <category>sham</category>
            <category>news</category>
        </assignedcategory>
    </channel>

    <channel>
        <cname>Sada Al Balad2</cname>
        <imageurl>http://i1064.photobucket.com/albums/u379/zombiB/sd2_zps2194a19d.png</imageurl>
        <enabled>True</enabled>
        <assignedcategory>
            <category>egypt</category>
        </assignedcategory>
    </channel>

    <channel>
        <cname>Sada Al Balad</cname>
        <imageurl>http://i1064.photobucket.com/albums/u379/zombiB/sdblf_zps183e36ed.png</imageurl>
        <enabled>True</enabled>
        <assignedcategory>
            <category>egypt</category>
        </assignedcategory>
    </channel>

    <channel>
        <cname>Panorama Comedy</cname>
        <imageurl>http://i1064.photobucket.com/albums/u379/zombiB/comedipn_zps44d47ad3.png</imageurl>
        <enabled>True</enabled>
        <assignedcategory>
            <category>egypt</category>
        </assignedcategory>
    </channel>

    <channel>
        <cname>Panorama Drama</cname>
        <imageurl>http://i1064.photobucket.com/albums/u379/zombiB/pnrma_zps801b06ca.png</imageurl>
        <enabled>True</enabled>
        <assignedcategory>
            <category>egypt</category>
        </assignedcategory>
    </channel>

    <channel>
        <cname>Panorama Drama2</cname>
        <imageurl>http://i1064.photobucket.com/albums/u379/zombiB/pnrm2_zps1e309d08.png</imageurl>
        <enabled>True</enabled>
        <assignedcategory>
            <category>egypt</category>
        </assignedcategory>
    </channel>


    <channel>
        <cname>Al Baghdadia Drama</cname>
        <imageurl>http://i1064.photobucket.com/albums/u379/zombiB/bg2_zps124419cb.png</imageurl>
        <enabled>True</enabled>
        <assignedcategory>
            <category>Iraq</category>
            <category>drama</category>
        </assignedcategory>
    </channel>

    <channel>
        <cname>Al Magharibia</cname>
        <imageurl>http://i1064.photobucket.com/albums/u379/zombiB/mgrbi_zps1eec1e35.png</imageurl>
        <enabled>True</enabled>
        <assignedcategory>
            <category>magreb</category>
            <category>news</category>
        </assignedcategory>
    </channel>
    <channel>
        <cname>Aghani</cname>
        <imageurl>http://i1064.photobucket.com/albums/u379/zombiB/gnin_zpse5e5ae72.png</imageurl>
        <enabled>True</enabled>
        <assignedcategory>
            <category>music</category>
        </assignedcategory>
    </channel>
    <channel>
        <cname>Melody Drama</cname>
        <imageurl>http://i1064.photobucket.com/albums/u379/zombiB/mdrm_zps62a0b4da.png</imageurl>
        <enabled>True</enabled>
        <assignedcategory>
            <category>drama</category>
        </assignedcategory>
    </channel>
    <channel>
        <cname>Melody Classic</cname>
        <imageurl>http://i1064.photobucket.com/albums/u379/zombiB/mldclsic_zpseeb97765.png</imageurl>
        <enabled>True</enabled>
        <assignedcategory>
            <category>drama</category>
        </assignedcategory>
    </channel>
    <channel>
        <cname>OSN Ar</cname>
        <imageurl>http://i1064.photobucket.com/albums/u379/zombiB/osnhl_zps3d76c036.png</imageurl>
        <enabled>True</enabled>
        <assignedcategory>
            <category>drama</category>
            <category>ent</category>
        </assignedcategory>
    </channel>
    <channel>
        <cname>OSN EN</cname>
        <imageurl>http://i1064.photobucket.com/albums/u379/zombiB/osn_zpsdd80d14f.png</imageurl>
        <enabled>True</enabled>
        <assignedcategory>
            <category>drama</category>
            <category>ent</category>
        </assignedcategory>
    </channel>
    <channel>
        <cname>Cinema EN</cname>
        <imageurl>http://i1064.photobucket.com/albums/u379/zombiB/osn_zpsdd80d14f.png</imageurl>
        <enabled>True</enabled>
        <assignedcategory>
            <category>drama</category>
            <category>ent</category>
        </assignedcategory>
    </channel>

    <channel>
        <cname>2M</cname>
        <imageurl>http://i1064.photobucket.com/albums/u379/zombiB/2m_zps92ea421b.png</imageurl>
        <assignedcategory>
            <category>ent</category>
            <category>magreb</category>
        </assignedcategory>
    </channel>
    <channel>
        <cname>Abu Dhabi Drama</cname>
        <imageurl>http://i1064.photobucket.com/albums/u379/zombiB/addr_zpse511da5e.png</imageurl>
        <assignedcategory>
            <category>drama</category>
        </assignedcategory>
    </channel>
    <channel>
        <cname>Abu Dhabi Sports 1</cname>
        <imageurl>http://i1064.photobucket.com/albums/u379/zombiB/adsport_zps6accf9c9.png</imageurl>
        <enabled>True</enabled>
        <enabled>True</enabled>
        <assignedcategory>
            <category>sports</category>
        </assignedcategory>
    </channel>
    <channel>
        <cname>BEIN US</cname>
        <imageurl>http://i1064.photobucket.com/albums/u379/zombiB/beinus_zpse712ce79.png</imageurl>
        <enabled>True</enabled>
        <assignedcategory>
            <category>sports</category>
        </assignedcategory>
    </channel>
    <channel>
        <cname>BEIN ESP</cname>
        <imageurl>http://i1064.photobucket.com/albums/u379/zombiB/beinn_zps5a272c06.png</imageurl>
        <enabled>True</enabled>
        <assignedcategory>
            <category>sports</category>
        </assignedcategory>
    </channel>
    <channel>
        <cname>Abu Dhabi</cname>
        <imageurl>http://i1064.photobucket.com/albums/u379/zombiB/adtv1_zps489b3a87.png</imageurl>
        <enabled>True</enabled>
        <assignedcategory>
            <category>ent</category>
            <category>gulf</category>
        </assignedcategory>
    </channel>
    <channel>
        <cname>Aghanina</cname>
        <imageurl>http://i1064.photobucket.com/albums/u379/zombiB/gning_zps9d4014d9.png</imageurl>
        <enabled>True</enabled>
        <assignedcategory>
            <category>music</category>
            <category>Iraq</category>
        </assignedcategory>
    </channel>
    <channel>
        <cname>Ajyal</cname>
        <imageurl>http://i1064.photobucket.com/albums/u379/zombiB/ajyal_zps8b2a5cf8.png</imageurl>
        <enabled>True</enabled>
        <assignedcategory>
            <category>kids</category>
        </assignedcategory>
    </channel>
    <channel>
        <cname>Al oula Maroc</cname>
        <imageurl>http://i1064.photobucket.com/albums/u379/zombiB/oula_zpsd979b818.png</imageurl>
        <enabled>True</enabled>
        <assignedcategory>
            <category>magreb</category>
        </assignedcategory>
    </channel>
    <channel>
        <cname>Al Haneen Music</cname>
        <imageurl>http://i1064.photobucket.com/albums/u379/zombiB/hnin_zps1baa885a.png</imageurl>
        <enabled>True</enabled>
        <assignedcategory>
            <category>music</category>
            <category>Iraq</category>
        </assignedcategory>
    </channel>
    <channel>
        <cname>Al Janoubiya</cname>
        <imageurl>http://i1064.photobucket.com/albums/u379/zombiB/jnbi_zpsb2052966.png</imageurl>
        <enabled>True</enabled>
        <assignedcategory>
            <category>magreb</category>
        </assignedcategory>
    </channel>
    <channel>
        <cname>EnnaharTV algerie</cname>
        <imageurl>http://i1064.photobucket.com/albums/u379/zombiB/nhr_zps0a69a25a.png</imageurl>
        <enabled>True</enabled>
        <assignedcategory>
            <category>magreb</category>
        </assignedcategory>
    </channel>
    <channel>
        <cname>Al Resoul TV</cname>
        <imageurl>http://i1064.photobucket.com/albums/u379/zombiB/rsoul_zpsc6530a99.png</imageurl>
        <enabled>True</enabled>
        <assignedcategory>
            <category>islam</category>
        </assignedcategory>
    </channel>

    <channel>
        <cname>Al Maghribia</cname>
        <imageurl>http://i1064.photobucket.com/albums/u379/zombiB/m5_zps9ab04d28.png</imageurl>
        <enabled>True</enabled>
        <assignedcategory>
            <category>magreb</category>
        </assignedcategory>
    </channel>
    <channel>
        <cname>Al Majd</cname>
        <imageurl>http://i1064.photobucket.com/albums/u379/zombiB/mjd1_zps6cc89fac.png</imageurl>
        <enabled>True</enabled>
        <assignedcategory>
            <category>islam</category>
            <category>gulf</category>
        </assignedcategory>
    </channel>
    <channel>
        <cname>ALMAJAD ALMAIA</cname>
        <imageurl>http://i1064.photobucket.com/albums/u379/zombiB/mjdalam_zps7bb76e3e.png</imageurl>
        <enabled>True</enabled>
        <assignedcategory>
            <category>islam</category>
            <category>gulf</category>
        </assignedcategory>
    </channel>
    <channel>
        <cname>Al Manar</cname>
        <imageurl>http://i1064.photobucket.com/albums/u379/zombiB/mnr_zps7a353ffa.png</imageurl>
        <enabled>True</enabled>
        <assignedcategory>
            <category>news</category>
            <category>sham</category>
        </assignedcategory>
    </channel>
    <channel>
        <cname>Al Masriyah</cname>
        <imageurl>http://i1064.photobucket.com/albums/u379/zombiB/egyp1_zpse325f185.png</imageurl>
        <enabled>True</enabled>
        <assignedcategory>
            <category>egypt</category>
        </assignedcategory>
    </channel>
    <channel>
        <cname>Al Moustakilla</cname>
        <imageurl>http://i1064.photobucket.com/albums/u379/zombiB/mstkl_zps28de00ad.png</imageurl>
        <enabled>True</enabled>
        <assignedcategory>
            <category>magreb</category>
        </assignedcategory>
    </channel>
    <channel>
        <cname>Al Mutawasit</cname>
        <imageurl>http://i1064.photobucket.com/albums/u379/zombiB/mtwst_zps980a7b4a.png</imageurl>
        <enabled>True</enabled>
        <assignedcategory>
            <category>magreb</category>
        </assignedcategory>
    </channel>
    <channel>
        <cname>Al Rafidain</cname>
        <imageurl>http://i1064.photobucket.com/albums/u379/zombiB/rffdin_zps7f3a34ea.png</imageurl>
        <enabled>True</enabled>
        <assignedcategory>
            <category>Iraq</category>
        </assignedcategory>
    </channel>
    <channel>
        <cname>Al Sharqiya</cname>
        <imageurl>http://i1064.photobucket.com/albums/u379/zombiB/shrkia_zps33bf4bda.png</imageurl>
        <enabled>True</enabled>
        <assignedcategory>
            <category>Iraq</category>
        </assignedcategory>
    </channel>
    <channel>
        <cname>Al Sumaria</cname>
        <imageurl>http://i1064.photobucket.com/albums/u379/zombiB/SUMARYA_zpsbeece726.png</imageurl>
        <enabled>True</enabled>
        <assignedcategory>
            <category>Iraq</category>
        </assignedcategory>
    </channel>
    <channel>
        <cname>Al Thaniya</cname>
        <imageurl>http://i1064.photobucket.com/albums/u379/zombiB/eg2_zps1d7094e6.png</imageurl>
        <enabled>True</enabled>
        <assignedcategory>
            <category>egypt</category>
        </assignedcategory>
    </channel>
    <channel>
        <cname>Al Tunisia</cname>
        <imageurl>http://i1064.photobucket.com/albums/u379/zombiB/tounsya_zpsbaca8af3.png</imageurl>
        <enabled>True</enabled>
        <assignedcategory>
            <category>magreb</category>
        </assignedcategory>
    </channel>
    <channel>
        <cname>Al mayaden</cname>
        <imageurl>http://i1064.photobucket.com/albums/u379/zombiB/mydeen_zpsa9e1e0a1.png</imageurl>
        <enabled>True</enabled>
        <assignedcategory>
            <category>news</category>
        </assignedcategory>
    </channel>
    <channel>
        <cname>Al-Hurria</cname>
        <imageurl>http://i1064.photobucket.com/albums/u379/zombiB/hurria_zpsc825a1a1.png</imageurl>
        <enabled>True</enabled>
        <assignedcategory>
            <category>news</category>
        </assignedcategory>
    </channel>
    <channel>
        <cname>Al-Nahar Drama</cname>
        <imageurl>http://i1064.photobucket.com/albums/u379/zombiB/nhrdrm_zpsa4484404.png</imageurl>
        <enabled>True</enabled>
        <assignedcategory>
            <category>drama</category>
        </assignedcategory>
    </channel>
    <channel>
        <cname>Al-Resalah</cname>
        <imageurl>http://i1064.photobucket.com/albums/u379/zombiB/res_zps7a9d541f.png</imageurl>
        <enabled>True</enabled>
        <assignedcategory>
            <category>gulf</category>
            <category>islam</category>
        </assignedcategory>
    </channel>
    <channel>
        <cname>Al-hurra Iraq</cname>
        <imageurl>http://i1064.photobucket.com/albums/u379/zombiB/hurr_zpsb88e20dc.png</imageurl>
        <enabled>True</enabled>
        <assignedcategory>
            <category>Iraq</category>
            <category>news</category>
        </assignedcategory>
    </channel>
    <channel>
        <cname>AlGeria</cname>
        <imageurl>http://i1064.photobucket.com/albums/u379/zombiB/alg_zps9afbe8a8.png</imageurl>
        <enabled>True</enabled>
        <assignedcategory>
            <category>magreb</category>
        </assignedcategory>
    </channel>
    <channel>
        <cname>Alan</cname>
        <imageurl>http://i1064.photobucket.com/albums/u379/zombiB/eleen_zps1027da55.png</imageurl>
        <enabled>True</enabled>
        <assignedcategory>
            <category>news</category>
        </assignedcategory>
    </channel>
    <channel>
        <cname>Alarabiya</cname>
        <imageurl>http://i1064.photobucket.com/albums/u379/zombiB/erbyeh_zpsf7251818.png</imageurl>
        <enabled>True</enabled>
        <assignedcategory>
            <category>news</category>
        </assignedcategory>
    </channel>
    <channel>
        <cname>Alarabiya Ahdas</cname>
        <imageurl>http://i1064.photobucket.com/albums/u379/zombiB/hdth_zps3dbc5492.png</imageurl>
        <enabled>True</enabled>
        <assignedcategory>
            <category>news</category>
        </assignedcategory>
    </channel>
    <channel>
        <cname>Algeria 3</cname>
        <imageurl>http://i1064.photobucket.com/albums/u379/zombiB/3g_zps0a074509.png</imageurl>
        <enabled>True</enabled>
        <assignedcategory>
            <category>magreb</category>
        </assignedcategory>
    </channel>
    <channel>
        <cname>Alhayat 1</cname>
        <imageurl>http://i1064.photobucket.com/albums/u379/zombiB/hyt_zpscc2ad729.png</imageurl>
        <enabled>True</enabled>
        <assignedcategory>
            <category>ent</category>
            <category>egypt</category>
        </assignedcategory>
    </channel>
    <channel>
        <cname>Alhayat Cinema</cname>
        <imageurl>http://i1064.photobucket.com/albums/u379/zombiB/cinehyt_zps912cf9c2.png</imageurl>
        <enabled>True</enabled>
        <assignedcategory>
            <category>drama</category>
        </assignedcategory>
    </channel>
    <channel>
        <cname>Alhayat-Series</cname>
        <imageurl>http://i1064.photobucket.com/albums/u379/zombiB/ser_zps47ce7635.png</imageurl>
        <enabled>True</enabled>
        <assignedcategory>
            <category>drama</category>
        </assignedcategory>
    </channel>
    <channel>
        <cname>Aliraqiya</cname>
        <imageurl>http://i1064.photobucket.com/albums/u379/zombiB/irq_zps5fe463d4.png</imageurl>
        <enabled>True</enabled>
        <assignedcategory>
            <category>Iraq</category>
        </assignedcategory>
    </channel>
    <channel>
        <cname>Aljadeed</cname>
        <imageurl>http://i1064.photobucket.com/albums/u379/zombiB/jded_zpsdd69f978.png</imageurl>
        <enabled>True</enabled>
        <assignedcategory>
            <category>sham</category>
        </assignedcategory>
    </channel>
    <channel>
        <cname>Aljazeera Children</cname>
        <imageurl>http://i1064.photobucket.com/albums/u379/zombiB/jeem_zpseaada2dd.png</imageurl>
        <enabled>True</enabled>
        <assignedcategory>
            <category>kids</category>
        </assignedcategory>
    </channel>
    <channel>
        <cname>Aljazeera Doc</cname>
        <imageurl>http://i1064.photobucket.com/albums/u379/zombiB/jscdoc_zps510bed94.png</imageurl>
        <enabled>True</enabled>
        <assignedcategory>
            <category>doc</category>
        </assignedcategory>
    </channel>
    <channel>
        <cname>Aljazeera Mubasher</cname>
        <imageurl>http://i1064.photobucket.com/albums/u379/zombiB/jm_zps4489bb3e.png</imageurl>
        <enabled>True</enabled>
        <assignedcategory>
            <category>news</category>
        </assignedcategory>
    </channel>
    <channel>
        <cname>Aljazeera Mubasher Masr</cname>
        <imageurl>http://i1064.photobucket.com/albums/u379/zombiB/jmm_zps3ca98a44.png</imageurl>
        <enabled>True</enabled>
        <assignedcategory>
            <category>news</category>
        </assignedcategory>
    </channel>
    <channel>
        <cname>Al Jazeera America</cname>
        <imageurl>http://i1064.photobucket.com/albums/u379/zombiB/jscam_zps29480914.png</imageurl>
        <enabled>True</enabled>
        <assignedcategory>
            <category>news</category>
        </assignedcategory>
    </channel>
    <channel>
        <cname>Aljazeera</cname>
        <imageurl>http://i1064.photobucket.com/albums/u379/zombiB/jsc_zpse578645b.png</imageurl>
        <enabled>True</enabled>
        <assignedcategory>
            <category>news</category>
        </assignedcategory>
    </channel>
    <channel>
        <cname>Alqudis</cname>
        <imageurl>http://i1064.photobucket.com/albums/u379/zombiB/quds_zps15fd3391.png</imageurl>
        <enabled>True</enabled>
        <assignedcategory>
            <category>news</category>
            <category>sham</category>
        </assignedcategory>
    </channel>
    <channel>
        <cname>Al Rasheed</cname>
        <imageurl>http://i1064.photobucket.com/albums/u379/zombiB/rchid_zps8a47a5d3.png</imageurl>
        <enabled>True</enabled>
        <assignedcategory>
            <category>Iraq</category>
        </assignedcategory>
    </channel>
    <channel>
        <cname>Alriadia Sport</cname>
        <imageurl>http://i1064.photobucket.com/albums/u379/zombiB/mrocsport_zps6a16f8ed.png</imageurl>
        <enabled>True</enabled>
        <assignedcategory>
            <category>sports</category>
        </assignedcategory>
    </channel>
    <channel>
        <cname>Arabica Music</cname>
        <imageurl>http://i1064.photobucket.com/albums/u379/zombiB/arabic_zpscb3f4c26.png</imageurl>
        <enabled>True</enabled>
        <assignedcategory>
            <category>music</category>
        </assignedcategory>
    </channel>
    <channel>
        <cname>Arrabia</cname>
        <imageurl>http://i1064.photobucket.com/albums/u379/zombiB/m4_zpse201689a.png</imageurl>
        <enabled>True</enabled>
        <assignedcategory>
            <category>sport</category>
            <category>magreb</category>
        </assignedcategory>
    </channel>
    <channel>
        <cname>Art Aflam 1</cname>
        <imageurl>http://i1064.photobucket.com/albums/u379/zombiB/flm1_zpsd562c6aa.png</imageurl>
        <enabled>True</enabled>
        <assignedcategory>
            <category>drama</category>
        </assignedcategory>
    </channel>
    <channel>
        <cname>Art Aflam 2</cname>
        <imageurl>http://i1064.photobucket.com/albums/u379/zombiB/artflem2_zps6f7d1ed6.png</imageurl>
        <enabled>True</enabled>
        <assignedcategory>
            <category>drama</category>
        </assignedcategory>
    </channel>
    <channel>
        <cname>Assadissa</cname>
        <imageurl>http://i1064.photobucket.com/albums/u379/zombiB/6d_zpsc4b4aa57.png</imageurl>
        <enabled>True</enabled>
        <assignedcategory>
            <category>islam</category>
            <category>magreb</category>
        </assignedcategory>
    </channel>
    <channel>
        <cname>BBC Arabic</cname>
        <imageurl>http://i1064.photobucket.com/albums/u379/zombiB/bbc_zpsf5114c48.png</imageurl>
        <enabled>True</enabled>
        <assignedcategory>
            <category>news</category>
        </assignedcategory>
    </channel>
    <channel>
        <cname>Al Alam</cname>
        <imageurl>http://i1064.photobucket.com/albums/u379/zombiB/3lm_zps80656289.png</imageurl>
        <enabled>True</enabled>
        <assignedcategory>
            <category>news</category>
        </assignedcategory>
    </channel>
    <channel>
        <cname>AL EQTESADIA TVC</cname>
        <imageurl>http://i1064.photobucket.com/albums/u379/zombiB/eqtsa_zps121a0d27.png</imageurl>
        <enabled>True</enabled>
        <assignedcategory>
            <category>news</category>
        </assignedcategory>
    </channel>
    <channel>
        <cname>ANN</cname>
        <imageurl>http://i1064.photobucket.com/albums/u379/zombiB/ann_zps2d7a11bc.png</imageurl>
        <enabled>True</enabled>
        <assignedcategory>
            <category>news</category>
        </assignedcategory>
    </channel>
    <channel>
        <cname>Alekhbaria Syria</cname>
        <imageurl>http://i1064.photobucket.com/albums/u379/zombiB/ekh_zpse8cea69a.png</imageurl>
        <enabled>True</enabled>
        <assignedcategory>
            <category>news</category>
        </assignedcategory>
    </channel>
    <channel>
        <cname>Al Sharqiya News</cname>
        <imageurl>http://i1064.photobucket.com/albums/u379/zombiB/shrnews_zpsdf84de8f.png</imageurl>
        <enabled>True</enabled>
        <assignedcategory>
            <category>news</category>
            <category>Iraq</category>
        </assignedcategory>
    </channel>
    <channel>
        <cname>Sama Syria</cname>
        <imageurl>http://i1064.photobucket.com/albums/u379/zombiB/sry_zps64083ea1.png</imageurl>
        <enabled>True</enabled>
        <assignedcategory>
            <category>drama</category>
            <category>sham</category>
        </assignedcategory>
    </channel>
    <channel>
        <cname>Al Baghdadia</cname>
        <imageurl>http://i1064.photobucket.com/albums/u379/zombiB/bgd_zps797d9504.png</imageurl>
        <enabled>True</enabled>
        <assignedcategory>
            <category>Iraq</category>
        </assignedcategory>
    </channel>
    <channel>
        <cname>Bahrain</cname>
        <imageurl>http://i1064.photobucket.com/albums/u379/zombiB/btvb_zps69198e98.png</imageurl>
        <enabled>True</enabled>
        <assignedcategory>
            <category>gulf</category>
        </assignedcategory>
    </channel>
    <channel>
        <cname>Baraem</cname>
        <imageurl>http://i1064.photobucket.com/albums/u379/zombiB/br3m_zps8255f16a.png</imageurl>
        <enabled>True</enabled>
        <assignedcategory>
            <category>kids</category>
        </assignedcategory>
    </channel>
    <channel>
        <cname>Bein Sport News</cname>
        <imageurl>http://i1064.photobucket.com/albums/u379/zombiB/beinnews_zps1139bdcc.png</imageurl>
        <enabled>True</enabled>
        <assignedcategory>
            <category>sports</category>
        </assignedcategory>
    </channel>
    <channel>
        <cname>Bein Sport 1</cname>
        <imageurl>http://i1064.photobucket.com/albums/u379/zombiB/1_zpsb9f1f6a5.png</imageurl>
        <enabled>True</enabled>
        <assignedcategory>
            <category>sports</category>
        </assignedcategory>
    </channel>
    <channel>
        <cname>Bein Sport 2</cname>
        <imageurl>http://i1064.photobucket.com/albums/u379/zombiB/2_zpscc2cc185.png</imageurl>
        <enabled>True</enabled>
        <assignedcategory>
            <category>sports</category>
        </assignedcategory>
    </channel>
    <channel>
        <cname>Bein Sport 3</cname>
        <imageurl>http://i1064.photobucket.com/albums/u379/zombiB/3_zps5de44b04.png</imageurl>
        <enabled>True</enabled>
        <assignedcategory>
            <category>sports</category>
        </assignedcategory>
    </channel>
    <channel>
        <cname>Bein Sport 4</cname>
        <imageurl>http://i1064.photobucket.com/albums/u379/zombiB/4_zps4875bb3b.png</imageurl>
        <enabled>True</enabled>
        <assignedcategory>
            <category>sports</category>
        </assignedcategory>
    </channel>
    <channel>
        <cname>Bein Sport 5</cname>
        <imageurl>http://i1064.photobucket.com/albums/u379/zombiB/5_zps346e945b.png</imageurl>
        <enabled>True</enabled>
        <assignedcategory>
            <category>sports</category>
        </assignedcategory>
    </channel>
    <channel>
        <cname>Bein Sport 6</cname>
        <imageurl>http://i1064.photobucket.com/albums/u379/zombiB/6_zps0764517c.png</imageurl>
        <enabled>True</enabled>
        <assignedcategory>
            <category>sports</category>
        </assignedcategory>
    </channel>
    <channel>
        <cname>Bein Sport 7</cname>
        <imageurl>http://i1064.photobucket.com/albums/u379/zombiB/7_zps659677d1.png</imageurl>
        <enabled>True</enabled>
        <assignedcategory>
            <category>sports</category>
        </assignedcategory>
    </channel>
    <channel>
        <cname>Bein Sport 8</cname>
        <imageurl>http://i1064.photobucket.com/albums/u379/zombiB/8_zpsec4fe1b2.png</imageurl>
        <enabled>True</enabled>
        <assignedcategory>
            <category>sports</category>
        </assignedcategory>
    </channel>
    <channel>
        <cname>Bein Sport 9</cname>
        <imageurl>http://i1064.photobucket.com/albums/u379/zombiB/9_zps501b955e.png</imageurl>
        <enabled>True</enabled>
        <assignedcategory>
            <category>sports</category>
        </assignedcategory>
    </channel>
    <channel>
        <cname>Bein Sport 10</cname>
        <imageurl>http://i1064.photobucket.com/albums/u379/zombiB/10_zpsc32ce567.png</imageurl>
        <enabled>True</enabled>
        <assignedcategory>
            <category>sports</category>
        </assignedcategory>
    </channel>
    <channel>
        <cname>Bein Sport 11</cname>
        <imageurl>http://i1064.photobucket.com/albums/u379/zombiB/11_zpsd9b37e8c.png</imageurl>
        <enabled>True</enabled>
        <assignedcategory>
            <category>sports</category>
        </assignedcategory>
    </channel>
    <channel>
        <cname>Bein Sport 12</cname>
        <imageurl>http://i1064.photobucket.com/albums/u379/zombiB/12_zps356c9a4e.png</imageurl>
        <enabled>True</enabled>
        <assignedcategory>
            <category>sports</category>
        </assignedcategory>
    </channel>
    <channel>
        <cname>Bein Sport 13</cname>
        <imageurl>http://i1064.photobucket.com/albums/u379/zombiB/13_zps0e5b6204.png</imageurl>
        <enabled>True</enabled>
        <assignedcategory>
            <category>sports</category>
        </assignedcategory>
    </channel>
    <channel>
        <cname>Bein Sport 14</cname>
        <imageurl>http://i1064.photobucket.com/albums/u379/zombiB/14_zps4c8a6409.png</imageurl>
        <enabled>True</enabled>
        <assignedcategory>
            <category>sports</category>
        </assignedcategory>
    </channel>
    <channel>
        <cname>Bein Sport 15</cname>
        <imageurl>http://i1064.photobucket.com/albums/u379/zombiB/15_zpsef1d6d5a.png</imageurl>
        <enabled>True</enabled>
        <assignedcategory>
            <category>sports</category>
        </assignedcategory>
    </channel>
    <channel>
        <cname>BAHRAIN SPORTS</cname>
        <imageurl>http://i1064.photobucket.com/albums/u379/zombiB/bhrinsport_zps0d9b45b2.png</imageurl>
        <enabled>True</enabled>
        <assignedcategory>
            <category>sports</category>
        </assignedcategory>
    </channel>
    <channel>
        <cname>Nile Sport</cname>
        <imageurl>http://i1064.photobucket.com/albums/u379/zombiB/nilsport_zpsd74a553d.png</imageurl>
        <enabled>True</enabled>
        <assignedcategory>
            <category>sports</category>
        </assignedcategory>
    </channel>
    <channel>
        <cname>KTV SPORT</cname>
        <imageurl>http://i1064.photobucket.com/albums/u379/zombiB/ktvsport_zps6400d496.png</imageurl>
        <enabled>True</enabled>
        <assignedcategory>
            <category>sports</category>
        </assignedcategory>
    </channel>	
    <channel>
        <cname>CBC 2</cname>
        <imageurl>http://i1064.photobucket.com/albums/u379/zombiB/cbc2_zps0e57a756.png</imageurl>
        <enabled>True</enabled>
        <assignedcategory>
            <category>egypt</category>
        </assignedcategory>
    </channel>
    <channel>
        <cname>CBC Drama</cname>
        <imageurl>http://i1064.photobucket.com/albums/u379/zombiB/cbcdrm_zps71aabc17.png</imageurl>
        <enabled>True</enabled>
        <assignedcategory>
            <category>drama</category>
        </assignedcategory>
    </channel>
    <channel>
        <cname>CBC Extra</cname>
        <imageurl>http://i1064.photobucket.com/albums/u379/zombiB/cbcextr_zpsb9eae6dd.png</imageurl>
        <enabled>True</enabled>
        <assignedcategory>
            <category>egypt</category>
        </assignedcategory>
    </channel>
    <channel>
        <cname>CBC Sofra</cname>
        <imageurl>http://i1064.photobucket.com/albums/u379/zombiB/sfr_zps43a4c8c0.png</imageurl>
        <enabled>True</enabled>
        <assignedcategory>
            <category>cook</category>
        </assignedcategory>
    </channel>
    <channel>
        <cname>CBC Tv</cname>
        <imageurl>http://www.teledunet.com/player/icones/cbc_drama.jpg</imageurl>
        <enabled>True</enabled>
        <assignedcategory>
            <category>oth</category>
        </assignedcategory>
    </channel>
    <channel>
        <cname>CBC</cname>
        <imageurl>http://i1064.photobucket.com/albums/u379/zombiB/cbc_zps770dbcaf.png</imageurl>
        <enabled>True</enabled>
        <assignedcategory>
            <category>ent</category>
            <category>egypt</category>
        </assignedcategory>
    </channel>
    <channel>
        <cname>CCTV Arabic</cname>
        <imageurl>http://i1064.photobucket.com/albums/u379/zombiB/cctv_zps49d80417.png</imageurl>
        <enabled>True</enabled>
        <assignedcategory>
            <category>news</category>
        </assignedcategory>
    </channel>
    <channel>
        <cname>Cairo Cinema</cname>
        <imageurl>http://i1064.photobucket.com/albums/u379/zombiB/ciro_zpsfc027c99.png</imageurl>
        <enabled>True</enabled>
        <assignedcategory>
            <category>drama</category>
        </assignedcategory>
    </channel>
    <channel>
        <cname>Cairo Drama</cname>
        <imageurl>http://i1064.photobucket.com/albums/u379/zombiB/drma_zps4e05bcb1.png</imageurl>
        <enabled>True</enabled>
        <assignedcategory>
            <category>drama</category>
        </assignedcategory>
    </channel>
    <channel>
        <cname>Canal plus</cname>
        <imageurl>http://i1064.photobucket.com/albums/u379/zombiB/c_zps4393c83f.png</imageurl>
        <enabled>True</enabled>
        <assignedcategory>
            <category>french</category>
        </assignedcategory>
    </channel>
    <channel>
        <cname>Cartoon Network</cname>
        <imageurl>http://i1064.photobucket.com/albums/u379/zombiB/cnr_zps836b0c6a.png</imageurl>
        <enabled>True</enabled>
        <assignedcategory>
            <category>kids</category>
        </assignedcategory>
    </channel>
    <channel>
        <cname>Cima</cname>
        <imageurl>http://i1064.photobucket.com/albums/u379/zombiB/cima_zps1ddc093f.png</imageurl>
        <enabled>True</enabled>
        <assignedcategory>
            <category>drama</category>
        </assignedcategory>
    </channel>
    <channel>
        <cname>Coran</cname>
        <imageurl>http://i1064.photobucket.com/albums/u379/zombiB/tvg_zps33829f55.png</imageurl>
        <enabled>True</enabled>
        <assignedcategory>
            <category>islam</category>
        </assignedcategory>
    </channel>
    <channel>
        <cname>Dream 1</cname>
        <imageurl>http://i1064.photobucket.com/albums/u379/zombiB/drem_zpscf542e8d.png</imageurl>
        <enabled>True</enabled>
        <assignedcategory>
            <category>ent</category>
            <category>egypt</category>
        </assignedcategory>
    </channel>
    <channel>
        <cname>Dubai One</cname>
        <imageurl>http://i1064.photobucket.com/albums/u379/zombiB/db1_zps792175e5.png</imageurl>
        <enabled>True</enabled>
        <assignedcategory>
            <category>drama</category>
        </assignedcategory>
    </channel>
    <channel>
        <cname>Dubai Sport 1</cname>
        <imageurl>http://i1064.photobucket.com/albums/u379/zombiB/dubai_zps8de42d6d.png</imageurl>
        <enabled>True</enabled>
        <assignedcategory>
            <category>sports</category>
        </assignedcategory>
    </channel>
    <channel>
        <cname>Dubai Sport 2</cname>
        <imageurl>http://i1064.photobucket.com/albums/u379/zombiB/dubibundes_zpsbdbd88cf.png</imageurl>
        <enabled>True</enabled>
        <assignedcategory>
            <category>sports</category>
        </assignedcategory>
    </channel>
    <channel>
        <cname>Dubai</cname>
        <imageurl>http://i1064.photobucket.com/albums/u379/zombiB/dbi_zps3c8e4dd1.png</imageurl>
        <enabled>True</enabled>
        <assignedcategory>
            <category>gulf</category>
            <category>ent</category>
        </assignedcategory>
    </channel>
    <channel>
        <cname>Dzair 24</cname>
        <imageurl>http://www.teledunet.com/player/icones/dzair_24.jpg</imageurl>
        <enabled>True</enabled>
        <assignedcategory>
            <category>magreb</category>
        </assignedcategory>
    </channel>
    <channel>
        <cname>Echorouk Tv</cname>
        <imageurl>http://i1064.photobucket.com/albums/u379/zombiB/chrouknws_zpsd0413ad3.png</imageurl>
        <enabled>True</enabled>
        <assignedcategory>
            <category>magreb</category>
        </assignedcategory>
    </channel>
    <channel>
        <cname>Fatafeat</cname>
        <imageurl>http://i1064.photobucket.com/albums/u379/zombiB/ftfet_zpsc111aad7.png</imageurl>
        <enabled>True</enabled>
        <assignedcategory>
            <category>cook</category>
        </assignedcategory>
    </channel>
    <channel>
        <cname>Fox Movies</cname>
        <imageurl>http://i1064.photobucket.com/albums/u379/zombiB/fxmvi_zps2326552c.png</imageurl>
        <assignedcategory>
            <category>drama</category>
        </assignedcategory>
    </channel>
    <channel>
        <cname>Fox</cname>
        <imageurl>http://i1064.photobucket.com/albums/u379/zombiB/fox_zpsf9946b49.png</imageurl>
        <enabled>True</enabled>
        <assignedcategory>
            <category>drama</category>
        </assignedcategory>
    </channel>
    <channel>
        <cname>France24 Arabic</cname>
        <imageurl>http://i1064.photobucket.com/albums/u379/zombiB/fr24_zps2bc09892.png</imageurl>
        <enabled>True</enabled>
        <assignedcategory>
            <category>news</category>
        </assignedcategory>
    </channel>
    <channel>
        <cname>Funoon</cname>
        <imageurl>http://i1064.photobucket.com/albums/u379/zombiB/fnun_zps67a34ccb.png</imageurl>
        <enabled>True</enabled>
        <assignedcategory>
            <category>drama</category>
        </assignedcategory>
    </channel>
    <channel>
        <cname>Fx Arabia</cname>
        <imageurl>http://i1064.photobucket.com/albums/u379/zombiB/fx_zpsa4e3fa74.png</imageurl>
        <enabled>True</enabled>
        <assignedcategory>
            <category>drama</category>
        </assignedcategory>
    </channel>
    <channel>
        <cname>Ghinwa</cname>
        <imageurl>http://i1064.photobucket.com/albums/u379/zombiB/ginw_zpsb068ff2a.png</imageurl>
        <enabled>True</enabled>
        <assignedcategory>
            <category>music</category>
        </assignedcategory>
    </channel>
    <channel>
        <cname>Hanibal</cname>
        <imageurl>http://i1064.photobucket.com/albums/u379/zombiB/htv_zpsb411e35d.png</imageurl>
        <enabled>True</enabled>
        <assignedcategory>
            <category>magreb</category>
        </assignedcategory>
    </channel>
    <channel>
        <cname>Iqra</cname>
        <imageurl>http://i1064.photobucket.com/albums/u379/zombiB/iqr_zps13586871.png</imageurl>
        <enabled>True</enabled>
        <assignedcategory>
            <category>islam</category>
        </assignedcategory>
    </channel>
    <channel>
        <cname>Jordan</cname>
        <imageurl>http://i1064.photobucket.com/albums/u379/zombiB/jrdntv_zps1da7a8f9.png</imageurl>
        <enabled>True</enabled>
        <assignedcategory>
            <category>sham</category>
        </assignedcategory>
    </channel>
    <channel>
        <cname>KSA 1</cname>
        <imageurl>http://i1064.photobucket.com/albums/u379/zombiB/ksa1_zpsc1a67dec.png</imageurl>
        <enabled>True</enabled>
        <assignedcategory>
            <category>gulf</category>
        </assignedcategory>
    </channel>
    <channel>
        <cname>KSA 2</cname>
        <imageurl>http://i1064.photobucket.com/albums/u379/zombiB/ksa2_zpsd55c482b.png</imageurl>
        <enabled>True</enabled>
        <assignedcategory>
            <category>gulf</category>
        </assignedcategory>
    </channel>
    <channel>
        <cname>Kalsan Tv</cname>
        <imageurl>http://i1064.photobucket.com/albums/u379/zombiB/klsn_zps62722125.png</imageurl>
        <enabled>True</enabled>
        <assignedcategory>
            <category>oth</category>
        </assignedcategory>
    </channel>
    <channel>
        <cname>Kuwait</cname>
        <imageurl>http://i1064.photobucket.com/albums/u379/zombiB/ktv2_zpsd7b6aea1.png</imageurl>
        <enabled>True</enabled>
        <assignedcategory>
            <category>gulf</category>
        </assignedcategory>
    </channel>
    <channel>
        <cname>LBC</cname>
        <imageurl>http://i1064.photobucket.com/albums/u379/zombiB/lbc2_zps18770e5b.png</imageurl>
        <enabled>True</enabled>
        <assignedcategory>
            <category>ent</category>
            <category>sham</category>
        </assignedcategory>
    </channel>
    <channel>
        <cname>LLBN</cname>
        <imageurl>http://i1064.photobucket.com/albums/u379/zombiB/bnll_zps80e1c0fb.png</imageurl>
        <enabled>True</enabled>
        <assignedcategory>
            <category>ent</category>
            <category>sham</category>
        </assignedcategory>
    </channel>
    <channel>
        <cname>Lbc Europe</cname>
        <imageurl>http://i1064.photobucket.com/albums/u379/zombiB/lbce_zpsde05584f.png</imageurl>
        <enabled>True</enabled>
        <assignedcategory>
            <category>ent</category>
            <category>sham</category>
        </assignedcategory>
    </channel>
    <channel>
        <cname>Infinity</cname>
        <imageurl>http://i1064.photobucket.com/albums/u379/zombiB/infin_zps1f5bc8af.png</imageurl>
        <enabled>True</enabled>
        <assignedcategory>
            <category>ent</category>
            <category>drama</category>
        </assignedcategory>
    </channel>
    <channel>
        <cname>Libya</cname>
        <imageurl>http://i1064.photobucket.com/albums/u379/zombiB/LIBYE_zpsdc438529.png</imageurl>
        <enabled>True</enabled>
        <assignedcategory>
            <category>magreb</category>
        </assignedcategory>
    </channel>
    <channel>
        <cname>M6</cname>
        <imageurl>http://i1064.photobucket.com/albums/u379/zombiB/m6_zps07ae0cb8.png</imageurl>
        <enabled>True</enabled>
        <assignedcategory>
            <category>french</category>
        </assignedcategory>
    </channel>
    <channel>
        <cname>MBC 1</cname>
        <imageurl>http://i1064.photobucket.com/albums/u379/zombiB/mbc_zps04e0a9dc.png</imageurl>
        <enabled>True</enabled>
        <assignedcategory>
            <category>ent</category>
            <category>gulf</category>
            <category>drama</category>
        </assignedcategory>
    </channel>
    <channel>
        <cname>MBC 2</cname>
        <imageurl>http://i1064.photobucket.com/albums/u379/zombiB/mbc2_zps4c29c495.png</imageurl>
        <enabled>True</enabled>
        <assignedcategory>
            <category>drama</category>
        </assignedcategory>
    </channel>
    <channel>
        <cname>MBC 3</cname>
        <imageurl>http://i1064.photobucket.com/albums/u379/zombiB/mbc3_zps071b0fd9.png</imageurl>
        <enabled>True</enabled>
        <assignedcategory>
            <category>kids</category>
        </assignedcategory>
    </channel>
    <channel>
        <cname>MBC 4</cname>
        <imageurl>http://i1064.photobucket.com/albums/u379/zombiB/bc4_zpse0038854.png</imageurl>
        <enabled>True</enabled>
        <assignedcategory>
            <category>drama</category>
        </assignedcategory>
    </channel>
    <channel>
        <cname>MBC Action</cname>
        <imageurl>http://i1064.photobucket.com/albums/u379/zombiB/mbcction_zpsd8efdff9.png</imageurl>
        <enabled>True</enabled>
        <assignedcategory>
            <category>drama</category>
        </assignedcategory>
    </channel>
    <channel>
        <cname>MBC Bollywood</cname>
        <imageurl>http://i1064.photobucket.com/albums/u379/zombiB/mbc-bl_zpsef3c9245.png</imageurl>
        <enabled>True</enabled>
        <assignedcategory>
            <category>drama</category>
        </assignedcategory>
    </channel>
    <channel>
        <cname>MBC Drama</cname>
        <imageurl>http://i1064.photobucket.com/albums/u379/zombiB/mbcdr_zps3d0101ab.png</imageurl>
        <enabled>True</enabled>
        <assignedcategory>
            <category>drama</category>
        </assignedcategory>
    </channel>
    <channel>
        <cname>MBC Masr</cname>
        <imageurl>http://i1064.photobucket.com/albums/u379/zombiB/mbc-msr_zps87074427.png</imageurl>
        <enabled>True</enabled>
        <assignedcategory>
            <category>ent</category>
            <category>egypt</category>
            <category>drama</category>
        </assignedcategory>
    </channel>
    <channel>
        <cname>MBC Max</cname>
        <imageurl>http://i1064.photobucket.com/albums/u379/zombiB/mx_zpscb7cc7c3.png</imageurl>
        <enabled>True</enabled>
        <assignedcategory>
            <category>drama</category>
        </assignedcategory>
    </channel>
    <channel>
        <cname>MBC Persia</cname>
        <imageurl>http://i1064.photobucket.com/albums/u379/zombiB/mbcpers_zps3fd3d4ef.png</imageurl>
        <enabled>True</enabled>
        <assignedcategory>
            <category>drama</category>
        </assignedcategory>
    </channel>
    <channel>
        <cname>MTV</cname>
        <imageurl>http://i1064.photobucket.com/albums/u379/zombiB/mtv_zpsadd2693c.png</imageurl>
        <enabled>True</enabled>
        <assignedcategory>
            <category>music</category>
			<category>sham</category>
        </assignedcategory>
    </channel>
    <channel>
        <cname>Maghreb 1</cname>
        <imageurl>http://i1064.photobucket.com/albums/u379/zombiB/oula_zpsd979b818.png</imageurl>
        <enabled>True</enabled>
        <assignedcategory>
            <category>magreb</category>
        </assignedcategory>
    </channel>
    <channel>
        <cname>Masrawi Aflam</cname>
        <imageurl>http://i1064.photobucket.com/albums/u379/zombiB/msrwi_zpsf1027b17.png</imageurl>
        <enabled>True</enabled>
        <assignedcategory>
            <category>drama</category>
        </assignedcategory>
    </channel>
    <channel>
        <cname>Mauritanie</cname>
        <imageurl>http://i1064.photobucket.com/albums/u379/zombiB/mrtn_zps679492ee.png</imageurl>
        <enabled>True</enabled>
        <assignedcategory>
            <category>africa</category>
        </assignedcategory>
    </channel>
    <channel>
        <cname>Mazeka zoom</cname>
        <imageurl>http://i1064.photobucket.com/albums/u379/zombiB/zoom_zps28bc2149.png</imageurl>
        <enabled>True</enabled>
        <assignedcategory>
            <category>music</category>
        </assignedcategory>
    </channel>
    <channel>
        <cname>Mazzika</cname>
        <imageurl>http://i1064.photobucket.com/albums/u379/zombiB/MAZZIKA_zps96d32893.png</imageurl>
        <enabled>True</enabled>
        <assignedcategory>
            <category>music</category>
        </assignedcategory>
    </channel>
    <channel>
        <cname>Medi 1 Sat</cname>
        <imageurl>http://i1064.photobucket.com/albums/u379/zombiB/med1_zps6d90fb9f.png</imageurl>
        <enabled>True</enabled>
        <assignedcategory>
            <category>magreb</category>
        </assignedcategory>
    </channel>
    <channel>
        <cname>Mehwar</cname>
        <imageurl>http://i1064.photobucket.com/albums/u379/zombiB/mhwr_zps699597a3.png</imageurl>
        <enabled>True</enabled>
        <assignedcategory>
            <category>egypt</category>
        </assignedcategory>
    </channel>
    <channel>
        <cname>Melody</cname>
        <imageurl>http://i1064.photobucket.com/albums/u379/zombiB/mldi_zpse1b15543.png</imageurl>
        <enabled>True</enabled>
        <assignedcategory>
            <category>music</category>
        </assignedcategory>
    </channel>
    <channel>
        <cname>Melody Hits</cname>
        <imageurl>http://i1064.photobucket.com/albums/u379/zombiB/hits_zps0fca1de1.png</imageurl>
        <enabled>True</enabled>
        <assignedcategory>
            <category>music</category>
        </assignedcategory>
    </channel>
    <channel>
        <cname>Melody Arabia</cname>
        <imageurl>http://i1064.photobucket.com/albums/u379/zombiB/mre_zpse300898a.png</imageurl>
        <enabled>True</enabled>
        <assignedcategory>
            <category>music</category>
        </assignedcategory>
    </channel>
    <channel>
        <cname>Moga Comedy</cname>
        <imageurl>http://i1064.photobucket.com/albums/u379/zombiB/moga_zps5604c250.png</imageurl>
        <enabled>True</enabled>
        <assignedcategory>
            <category>drama</category>
        </assignedcategory>
    </channel>
    <channel>
        <cname>NBN</cname>
        <imageurl>http://i1064.photobucket.com/albums/u379/zombiB/nbn_zps0e94bd3c.png</imageurl>
        <enabled>True</enabled>
        <assignedcategory>
            <category>sham</category>
        </assignedcategory>
    </channel>
    <channel>
        <cname>National Geo Ad</cname>
        <imageurl>http://i1064.photobucket.com/albums/u379/zombiB/nb_zps25f0b5a1.png</imageurl>
        <enabled>True</enabled>
        <assignedcategory>
            <category>doc</category>
        </assignedcategory>
    </channel>
    <channel>
        <cname>Nessma</cname>
        <imageurl>http://i1064.photobucket.com/albums/u379/zombiB/nessma_zpsc12bef51.png</imageurl>
        <enabled>True</enabled>
        <assignedcategory>
            <category>magreb</category>
        </assignedcategory>
    </channel>
    <channel>
        <cname>Nile Cinema</cname>
        <imageurl>http://i1064.photobucket.com/albums/u379/zombiB/nlcin_zpsd0c57a0e.png</imageurl>
        <assignedcategory>
            <category>drama</category>
        </assignedcategory>
    </channel>
    <channel>
        <cname>Nile Comedy</cname>
        <imageurl>http://i1064.photobucket.com/albums/u379/zombiB/nlecom_zps54dfd860.png</imageurl>
        <enabled>True</enabled>
        <assignedcategory>
            <category>drama</category>
        </assignedcategory>
    </channel>
    <channel>
        <cname>Nile Drama 2</cname>
        <imageurl>http://i1064.photobucket.com/albums/u379/zombiB/ndrm2_zps37842f03.png</imageurl>
        <enabled>True</enabled>
        <assignedcategory>
            <category>drama</category>
        </assignedcategory>
    </channel>
    <channel>
        <cname>Nile Drama</cname>
        <imageurl>http://i1064.photobucket.com/albums/u379/zombiB/nildr_zps20d8b82e.png</imageurl>
        <enabled>True</enabled>
        <assignedcategory>
            <category>drama</category>
        </assignedcategory>
    </channel>
    <channel>
        <cname>Nile Family</cname>
        <imageurl>http://i1064.photobucket.com/albums/u379/zombiB/nilefm_zps5c54acb8.png</imageurl>
        <enabled>True</enabled>
        <assignedcategory>
            <category>egypt</category>
        </assignedcategory>
    </channel>
    <channel>
        <cname>Nile Life</cname>
        <imageurl>http://i1064.photobucket.com/albums/u379/zombiB/lifenil_zps61267867.png</imageurl>
        <enabled>True</enabled>
        <assignedcategory>
            <category>egypt</category>
        </assignedcategory>
    </channel>
    <channel>
        <cname>Nile News</cname>
        <imageurl>http://i1064.photobucket.com/albums/u379/zombiB/nile_zps0958cae3.png</imageurl>
        <enabled>True</enabled>
        <assignedcategory>
            <category>news</category>
        </assignedcategory>
    </channel>
    <channel>
        <cname>Nile Sport</cname>
        <imageurl>http://i1064.photobucket.com/albums/u379/zombiB/nilsport_zpsd74a553d.png</imageurl>
        <enabled>True</enabled>
        <assignedcategory>
            <category>sports</category>
        </assignedcategory>
    </channel>
    <channel>
        <cname>Nile Tv</cname>
        <imageurl>http://i1064.photobucket.com/albums/u379/zombiB/NIL_zpsb82f209a.png</imageurl>
        <enabled>True</enabled>
        <assignedcategory>
            <category>egypt</category>
        </assignedcategory>
    </channel>
    <channel>
        <cname>Noor Dubai</cname>
        <imageurl>http://i1064.photobucket.com/albums/u379/zombiB/noordbi_zps6846d7f6.png</imageurl>
        <enabled>True</enabled>
        <assignedcategory>
            <category>gulf</category>
            <category>islam</category>
        </assignedcategory>
    </channel>
    <channel>
        <cname>Noursat</cname>
        <imageurl>http://i1064.photobucket.com/albums/u379/zombiB/nourst_zpsd22eafd0.png</imageurl>
        <enabled>True</enabled>
        <assignedcategory>
            <category>oth</category>
        </assignedcategory>
    </channel>
    <channel>
        <cname>OTV Lebanon</cname>
        <imageurl>http://i1064.photobucket.com/albums/u379/zombiB/otv_zps0b9f80de.png</imageurl>
        <enabled>True</enabled>
        <assignedcategory>
            <category>sham</category>
        </assignedcategory>
    </channel>
    <channel>
        <cname>On TV</cname>
        <imageurl>http://i1064.photobucket.com/albums/u379/zombiB/ontv_zps1b881c86.png</imageurl>
        <enabled>True</enabled>
        <assignedcategory>
            <category>news</category>
            <category>egypt</category>
        </assignedcategory>
    </channel>
    <channel>
        <cname>Rotana Aflam</cname>
        <imageurl>http://i1064.photobucket.com/albums/u379/zombiB/rtnfl_zps5ad09d7d.png</imageurl>
        <enabled>True</enabled>
        <assignedcategory>
            <category>drama</category>
        </assignedcategory>
    </channel>
    <channel>
        <cname>Rotana Classic</cname>
        <imageurl>http://i1064.photobucket.com/albums/u379/zombiB/rtncls_zps230a9eed.png</imageurl>
        <enabled>True</enabled>
        <assignedcategory>
            <category>music</category>
        </assignedcategory>
    </channel>
    <channel>
        <cname>Rotana Clip</cname>
        <imageurl>http://i1064.photobucket.com/albums/u379/zombiB/tnclp_zpse2110cf2.png</imageurl>
        <enabled>True</enabled>
        <assignedcategory>
            <category>music</category>
        </assignedcategory>
    </channel>
    <channel>
        <cname>Rotana Khaligi</cname>
        <imageurl>http://i1064.photobucket.com/albums/u379/zombiB/rtnkh_zps849b0122.png</imageurl>
        <enabled>True</enabled>
        <assignedcategory>
            <category>gulf</category>
        </assignedcategory>
    </channel>
    <channel>
        <cname>Rotana Masriya</cname>
        <imageurl>http://i1064.photobucket.com/albums/u379/zombiB/rtnmsry_zpsa85e250a.png</imageurl>
        <enabled>True</enabled>
        <assignedcategory>
            <category>egypt</category>
        </assignedcategory>
    </channel>
    <channel>
        <cname>Rotana Music</cname>
        <imageurl>http://i1064.photobucket.com/albums/u379/zombiB/nmus_zpsbc7ecb88.png</imageurl>
        <enabled>True</enabled>
        <assignedcategory>
            <category>music</category>
        </assignedcategory>
    </channel>
    <channel>
        <cname>Rotana cinema</cname>
        <imageurl>http://i1064.photobucket.com/albums/u379/zombiB/rtncin_zpscc2f25da.png</imageurl>
        <enabled>True</enabled>
        <assignedcategory>
            <category>drama</category>
        </assignedcategory>
    </channel>
    <channel>
        <cname>Roya</cname>
        <imageurl>http://i1064.photobucket.com/albums/u379/zombiB/ro2ya_zpsc962798a.png</imageurl>
        <enabled>True</enabled>
        <assignedcategory>
            <category>sham</category>
        </assignedcategory>
    </channel>
    <channel>
        <cname>Royali Somali</cname>
        <imageurl>http://i1064.photobucket.com/albums/u379/zombiB/rylsml_zps4185b722.png</imageurl>
        <enabled>True</enabled>
        <assignedcategory>
            <category>africa</category>
        </assignedcategory>
    </channel>
    <channel>
        <cname>Russia Alyaum</cname>
        <imageurl>http://i1064.photobucket.com/albums/u379/zombiB/rt_zpsb0ef0d97.png</imageurl>
        <enabled>True</enabled>
        <assignedcategory>
            <category>news</category>
        </assignedcategory>
    </channel>
    <channel>
        <cname>Sama Dubai</cname>
        <imageurl>http://i1064.photobucket.com/albums/u379/zombiB/smdbi_zpsa410142f.png</imageurl>
        <enabled>True</enabled>
        <assignedcategory>
            <category>gulf</category>
        </assignedcategory>
    </channel>
    <channel>
        <cname>Samira Tv</cname>
        <imageurl>http://i1064.photobucket.com/albums/u379/zombiB/smr_zpsecdf1231.png</imageurl>
        <enabled>True</enabled>
        <assignedcategory>
            <category>cook</category>
        </assignedcategory>
    </channel>
    <channel>
        <cname>Sharjah</cname>
        <imageurl>http://i1064.photobucket.com/albums/u379/zombiB/shrg_zps375735be.png</imageurl>
        <enabled>True</enabled>
        <assignedcategory>
            <category>gulf</category>
            <category>islam</category>
        </assignedcategory>
    </channel>
    <channel>
        <cname>Somali Channel</cname>
        <imageurl>http://i1064.photobucket.com/albums/u379/zombiB/smli_zps93a6c01a.png</imageurl>
        <enabled>True</enabled>
        <assignedcategory>
            <category>africa</category>
        </assignedcategory>
    </channel>
    <channel>
        <cname>Somsat Tv</cname>
        <imageurl>http://i1064.photobucket.com/albums/u379/zombiB/smst_zps6ab6fe7c.png</imageurl>
        <enabled>True</enabled>
        <assignedcategory>
            <category>oth</category>
        </assignedcategory>
    </channel>
    <channel>
        <cname>Spacetoon</cname>
        <imageurl>http://i1064.photobucket.com/albums/u379/zombiB/spcetoon_zps055055f4.png</imageurl>
        <enabled>True</enabled>
        <assignedcategory>
            <category>kids</category>
        </assignedcategory>
    </channel>
    <channel>
        <cname>Star Cinema</cname>
        <imageurl>http://i1064.photobucket.com/albums/u379/zombiB/strmov_zps987ece1f.png</imageurl>
        <enabled>True</enabled>
        <assignedcategory>
            <category>drama</category>
        </assignedcategory>
    </channel>
    <channel>
        <cname>Sudan TV</cname>
        <imageurl>http://i1064.photobucket.com/albums/u379/zombiB/sudan_zpsa5859579.png</imageurl>
        <enabled>True</enabled>
        <assignedcategory>
            <category>africa</category>
        </assignedcategory>
    </channel>
    <channel>
        <cname>Syria Drama</cname>
        <imageurl>http://i1064.photobucket.com/albums/u379/zombiB/rdr_zps80fad210.png</imageurl>
        <enabled>True</enabled>
        <assignedcategory>
            <category>drama</category>
        </assignedcategory>
    </channel>
    <channel>
        <cname>Syria</cname>
        <imageurl>http://i1064.photobucket.com/albums/u379/zombiB/syria_zps1d5a90a4.png</imageurl>
        <enabled>True</enabled>
        <assignedcategory>
            <category>sham</category>
        </assignedcategory>
    </channel>
    <channel>
        <cname>TF1</cname>
        <imageurl>http://i1064.photobucket.com/albums/u379/zombiB/TF1_zps62833f4f.png</imageurl>
        <enabled>True</enabled>
        <assignedcategory>
            <category>french</category>
        </assignedcategory>
    </channel>
    <channel>
        <cname>TNN</cname>
        <imageurl>http://i1064.photobucket.com/albums/u379/zombiB/tnn_zps49f023d1.png</imageurl>
        <enabled>True</enabled>
        <assignedcategory>
            <category>news</category>
            <category>magreb</category>
        </assignedcategory>
    </channel>
    
    <channel>
        <cname>Tchad</cname>
        <imageurl>http://i1064.photobucket.com/albums/u379/zombiB/ched_zpsbd76ae44.png</imageurl>
        <enabled>True</enabled>
        <assignedcategory>
            <category>africa</category>
        </assignedcategory>
    </channel>
    <channel>
        <cname>Tele Liban</cname>
        <imageurl>http://i1064.photobucket.com/albums/u379/zombiB/tellibn_zpsbc54e4de.png</imageurl>
        <enabled>True</enabled>
        <assignedcategory>
            <category>sham</category>
        </assignedcategory>
    </channel>
    <channel>
        <cname>Tele Sports</cname>
        <imageurl>http://www.teledunet.com/player/icones/tele_sports.jpg</imageurl>
        <enabled>True</enabled>
        <assignedcategory>
            <category>sports</category>
        </assignedcategory>
    </channel>
    <channel>
        <cname>Time Comedy</cname>
        <imageurl>http://i1064.photobucket.com/albums/u379/zombiB/cmdi_zpsbd253edc.png</imageurl>
        <enabled>True</enabled>
        <assignedcategory>
            <category>drama</category>
        </assignedcategory>
    </channel>
    <channel>
        <cname>Top Movies</cname>
        <imageurl>http://i1064.photobucket.com/albums/u379/zombiB/top_zps0107f759.png</imageurl>
        <enabled>True</enabled>
        <assignedcategory>
            <category>drama</category>
        </assignedcategory>
    </channel>
    <channel>
        <cname>Tounesna</cname>
        <imageurl>http://i1064.photobucket.com/albums/u379/zombiB/tunisna_zps3cd36551.png</imageurl>
        <enabled>True</enabled>
        <assignedcategory>
            <category>magreb</category>
        </assignedcategory>
    </channel>
    <channel>
        <cname>Toyor Al Janah</cname>
        <imageurl>http://i1064.photobucket.com/albums/u379/zombiB/toyor_zps57a34079.png</imageurl>
        <enabled>True</enabled>
        <assignedcategory>
            <category>kids</category>
        </assignedcategory>
    </channel>
    <channel>
        <cname>Toyor baby</cname>
        <imageurl>http://i1064.photobucket.com/albums/u379/zombiB/baby_zps32a76cc8.png</imageurl>
        <enabled>True</enabled>
        <assignedcategory>
            <category>kids</category>
        </assignedcategory>
    </channel>
    <channel>
        <cname>Tunisia national 1</cname>
        <imageurl>http://i1064.photobucket.com/albums/u379/zombiB/ttn1_zps7e34acdf.png</imageurl>
        <enabled>True</enabled>
        <assignedcategory>
            <category>magreb</category>
        </assignedcategory>
    </channel>
    <channel>
        <cname>Tunisia national 2</cname>
        <imageurl>http://i1064.photobucket.com/albums/u379/zombiB/ttn2_zps9da27537.png</imageurl>
        <enabled>True</enabled>
        <assignedcategory>
            <category>magreb</category>
        </assignedcategory>
    </channel>

    <channel>
        <cname>nbn lebanon</cname>
        <imageurl>http://i1064.photobucket.com/albums/u379/zombiB/nbntv_zpsce64602a.png</imageurl>
        <enabled>True</enabled>
        <assignedcategory>
            <category>sham</category>
        </assignedcategory>
    </channel>
    <channel>
        <cname>Wanasah</cname>
        <imageurl>http://i1064.photobucket.com/albums/u379/zombiB/WNASA_zps8a6e066b.png</imageurl>
        <enabled>True</enabled>
        <assignedcategory>
            <category>music</category>
        </assignedcategory>
    </channel>
    <channel>
        <cname>Yemen</cname>
        <imageurl>http://i1064.photobucket.com/albums/u379/zombiB/YEMEN_zps15b6603b.png</imageurl>
        <enabled>True</enabled>
        <assignedcategory>
            <category>gulf</category>
        </assignedcategory>
    </channel>
    <channel>
        <cname>Zagros</cname>
        <imageurl>http://i1064.photobucket.com/albums/u379/zombiB/zgrs_zps1c87d14a.png</imageurl>
        <enabled>True</enabled>
        <assignedcategory>
            <category>oth</category>
        </assignedcategory>
    </channel>
    <channel>
        <cname>Zaitouna</cname>
        <imageurl>http://i1064.photobucket.com/albums/u379/zombiB/zitoun_zps47a41297.png</imageurl>
        <enabled>True</enabled>
        <assignedcategory>
            <category>magreb</category>
        </assignedcategory>
    </channel>
    <channel>
        <cname>Zee Aflam</cname>
        <imageurl>http://i1064.photobucket.com/albums/u379/zombiB/zeeflm_zps8b1bbbb9.png</imageurl>
        <enabled>True</enabled>
        <assignedcategory>
            <category>drama</category>
        </assignedcategory>
    </channel>
    <channel>
        <cname>Zee Alwan</cname>
        <imageurl>http://i1064.photobucket.com/albums/u379/zombiB/zee_zpsfec7a540.png</imageurl>
        <enabled>True</enabled>
        <assignedcategory>
            <category>drama</category>
        </assignedcategory>
    </channel>
    <channel>
        <cname>Al Hiwar Ettounsi</cname>
        <imageurl>http://i1064.photobucket.com/albums/u379/zombiB/hiwar_zps48f74f57.png</imageurl>
        <enabled>True</enabled>
        <assignedcategory>
            <category>magreb</category>
        </assignedcategory>
    </channel>
    <channel>
        <cname>Al Hiwar</cname>
        <imageurl>http://i1064.photobucket.com/albums/u379/zombiB/hwr_zpsf8afa4df.png</imageurl>
        <enabled>True</enabled>
        <assignedcategory>
            <category>news</category>
        </assignedcategory>
    </channel>
    <channel>
        <cname>Al 9ahira Wal Nas 2</cname>
        <imageurl>http://i1064.photobucket.com/albums/u379/zombiB/khera_zps73a890a9.png</imageurl>
        <enabled>True</enabled>
        <assignedcategory>
            <category>egypt</category>
        </assignedcategory>
    </channel>
    <channel>
        <cname>Al Nahar 2</cname>
        <imageurl>http://i1064.photobucket.com/albums/u379/zombiB/nhr2222_zps577c346d.png</imageurl>
        <enabled>True</enabled>
        <assignedcategory>
            <category>egypt</category>
        </assignedcategory>
    </channel>
    <channel>
        <cname>Al Nahar</cname>
        <imageurl>http://i1064.photobucket.com/albums/u379/zombiB/nhreg_zps67cbfc95.png</imageurl>
        <enabled>True</enabled>
        <assignedcategory>
            <category>egypt</category>
        </assignedcategory>
    </channel>
    <channel>
        <cname>Telvza TV</cname>
        <imageurl>http://i1064.photobucket.com/albums/u379/zombiB/telvza-tv_zpsdcbaec58.png</imageurl>
        <enabled>True</enabled>
        <assignedcategory>
            <category>magreb</category>
        </assignedcategory>
    </channel>
    <channel>
        <cname>Al Moutawaset TV</cname>
        <imageurl>http://i1064.photobucket.com/albums/u379/zombiB/mtwst_zps980a7b4a.png</imageurl>
        <enabled>True</enabled>
        <assignedcategory>
            <category>magreb</category>
        </assignedcategory>
    </channel>
    <channel>
        <cname>Bein 1 FR</cname>
        <imageurl>http://i1064.photobucket.com/albums/u379/zombiB/bein1fr_zps95e2110a.png</imageurl>
        <enabled>True</enabled>
        <assignedcategory>
            <category>sports</category>
        </assignedcategory>
    </channel>
    <channel>
        <cname>Bein 2 FR</cname>
        <imageurl>http://i1064.photobucket.com/albums/u379/zombiB/bein2fr_zpsc75b4a27.png</imageurl>
        <enabled>True</enabled>
        <assignedcategory>
            <category>sports</category>
        </assignedcategory>
    </channel>
    <channel>
        <cname>Dubai TV</cname>
        <imageurl>http://i1064.photobucket.com/albums/u379/zombiB/dbi_zps3c8e4dd1.png</imageurl>
        <enabled>True</enabled>
        <assignedcategory>
            <category>gulf</category>
        </assignedcategory>
    </channel>
    <channel>
        <cname>Al oula Maroc</cname>
        <imageurl>http://i1064.photobucket.com/albums/u379/zombiB/maroc1_zps8bc33870.png</imageurl>
        <enabled>True</enabled>
        <assignedcategory>
            <category>magreb</category>
        </assignedcategory>
    </channel>
    <channel>
        <cname>Al-Nahar Drama</cname>
        <imageurl>http://i1064.photobucket.com/albums/u379/zombiB/nhrdrm_zpsa4484404.png</imageurl>
        <enabled>True</enabled>
        <assignedcategory>
            <category>egypt</category>
        </assignedcategory>
    </channel>
    <channel>
        <cname>Tamazigh Maroc</cname>
        <imageurl>http://i1064.photobucket.com/albums/u379/zombiB/tmzg_zps302fc6f4.png</imageurl>
        <enabled>True</enabled>
        <assignedcategory>
            <category>magreb</category>
        </assignedcategory>
    </channel>
    <channel>
        <cname>Algerie 24</cname>
        <imageurl>http://www.teledunet.com/player/icones/dzair_24.jpg</imageurl>
        <enabled>True</enabled>
        <assignedcategory>
            <category>magreb</category>
        </assignedcategory>
    </channel>
    <channel>
        <cname>Melody Aflem</cname>
        <imageurl>http://i1064.photobucket.com/albums/u379/zombiB/mldflm_zps3157ecac.png</imageurl>
        <enabled>True</enabled>
        <assignedcategory>
            <category>drama</category>
        </assignedcategory>
    </channel>
    <channel>
        <cname>Mcm France</cname>
        <imageurl>http://i1064.photobucket.com/albums/u379/zombiB/MCM_zps17c67551.png</imageurl>
        <enabled>True</enabled>
        <assignedcategory>
            <category>french</category>
        </assignedcategory>
    </channel>
    <channel>
        <cname>Canal Cinema</cname>
        <imageurl>http://i1064.photobucket.com/albums/u379/zombiB/ccin_zpsb18f090f.png</imageurl>
        <enabled>True</enabled>
        <assignedcategory>
            <category>french</category>
        </assignedcategory>
    </channel>
    <channel>
        <cname>SadacAlBalad Drama</cname>
        <imageurl>http://i1064.photobucket.com/albums/u379/zombiB/sddrm_zps8a65d1e1.png</imageurl>
        <enabled>True</enabled>
        <assignedcategory>
            <category>ent</category>
        </assignedcategory>
    </channel>
    <channel>
        <cname>ONT</cname>
        <imageurl>http://i1064.photobucket.com/albums/u379/zombiB/ontv_zps1b881c86.png</imageurl>
        <enabled>True</enabled>
        <assignedcategory>
            <category>egypt</category>
            <category>ent</category>
        </assignedcategory>
    </channel>
    <channel>
        <cname>Cine Majesti</cname>
        <imageurl>http://i1064.photobucket.com/albums/u379/zombiB/mjstc-cine_zps77ba40ca.png</imageurl>
        <enabled>True</enabled>
        <assignedcategory>
            <category>drama</category>
        </assignedcategory>
    </channel>
    <channel>
        <cname>Bein 2 FR</cname>
        <imageurl>http://i1064.photobucket.com/albums/u379/zombiB/bein2fr_zpsc75b4a27.png</imageurl>
        <enabled>True</enabled>
        <assignedcategory>
            <category>sports</category>
            <category>french</category>
        </assignedcategory>
    </channel>
    <channel>
        <cname>TV 5 MONDE</cname>
        <imageurl>http://i1064.photobucket.com/albums/u379/zombiB/TV5_zps2155f4c9.png</imageurl>
        <enabled>True</enabled>
        <assignedcategory>
            <category>french</category>
        </assignedcategory>
    </channel>
    <channel>
        <cname>BFMTV</cname>
        <imageurl>http://i1064.photobucket.com/albums/u379/zombiB/bfmtv_zpsf75d0656.png</imageurl>
        <enabled>True</enabled>
        <assignedcategory>
            <category>french</category>
        </assignedcategory>
    </channel>
    <channel>
        <cname>arte</cname>
        <imageurl>http://i1064.photobucket.com/albums/u379/zombiB/arte_zpsc258bc51.png</imageurl>
        <enabled>True</enabled>
        <assignedcategory>
            <category>french</category>
        </assignedcategory>
    </channel>
    <channel>
        <cname>FRANCE 5</cname>
        <imageurl>http://i1064.photobucket.com/albums/u379/zombiB/fr5_zps99ab7120.png</imageurl>
        <enabled>True</enabled>
        <assignedcategory>
            <category>french</category>
        </assignedcategory>
    </channel>
    <channel>
        <cname>FRANCE 4</cname>
        <imageurl>http://i1064.photobucket.com/albums/u379/zombiB/fr4_zps1db13c19.png</imageurl>
        <enabled>True</enabled>
        <assignedcategory>
            <category>french</category>
        </assignedcategory>
    </channel>
    <channel>
        <cname>FRANCE 3</cname>
        <imageurl>http://i1064.photobucket.com/albums/u379/zombiB/fr3_zps7d96af33.png</imageurl>
        <enabled>True</enabled>
        <assignedcategory>
            <category>french</category>
        </assignedcategory>
    </channel>
    <channel>
        <cname>FRANCE 2</cname>
        <imageurl>http://i1064.photobucket.com/albums/u379/zombiB/FR2_zps2d0a8bb3.png</imageurl>
        <enabled>True</enabled>
        <assignedcategory>
            <category>french</category>
        </assignedcategory>
    </channel>
    <channel>
        <cname>FRANCE 0</cname>
        <imageurl>http://i1064.photobucket.com/albums/u379/zombiB/fr0_zpscc684394.png</imageurl>
        <enabled>True</enabled>
        <assignedcategory>
            <category>french</category>
            <category>doc</category>
        </assignedcategory>
    </channel>
    <channel>
        <cname>GULLI</cname>
        <imageurl>http://i1064.photobucket.com/albums/u379/zombiB/gulli_zps84f73f99.png</imageurl>
        <enabled>True</enabled>
        <assignedcategory>
            <category>french</category>
            <category>kids</category>
        </assignedcategory>
    </channel>
    <channel>
        <cname>France 24 FR</cname>
        <imageurl>http://i1064.photobucket.com/albums/u379/zombiB/fr24_zps2bc09892.png</imageurl>
        <enabled>True</enabled>
        <assignedcategory>
            <category>french</category>
        </assignedcategory>
    </channel>

    <channel>
        <cname>D17</cname>
        <imageurl>http://i1064.photobucket.com/albums/u379/zombiB/D17_zps6949c88a.png</imageurl>
        <enabled>True</enabled>
        <assignedcategory>
            <category>french</category>
        </assignedcategory>
    </channel>
    <channel>
        <cname>D8</cname>
        <imageurl>http://i1064.photobucket.com/albums/u379/zombiB/8D_zps67ad0a5d.png</imageurl>
        <enabled>True</enabled>
        <assignedcategory>
            <category>french</category>
        </assignedcategory>
    </channel>
    <channel>
        <cname>I-TELE</cname>
        <imageurl>http://i1064.photobucket.com/albums/u379/zombiB/itele_zps464a31c3.png</imageurl>
        <enabled>True</enabled>
        <assignedcategory>
            <category>french</category>
        </assignedcategory>
    </channel>
    <channel>
        <cname>Canal plus</cname>
        <imageurl>http://i1064.photobucket.com/albums/u379/zombiB/c_zps4393c83f.png</imageurl>
        <enabled>True</enabled>
        <assignedcategory>
            <category>french</category>
        </assignedcategory>
    </channel>
    <channel>
        <cname>Nile Learning</cname>
        <imageurl>http://i1064.photobucket.com/albums/u379/zombiB/NILEN_zpsd6fd0cd1.png</imageurl>
        <enabled>True</enabled>
        <assignedcategory>
            <category>doc</category>
        </assignedcategory>
    </channel>

    <channel>
        <cname>Nile Culture</cname>
        <imageurl>http://i1064.photobucket.com/albums/u379/zombiB/nilethqfh_zps1e14b399.png</imageurl>
        <enabled>True</enabled>
        <assignedcategory>
            <category>doc</category>
        </assignedcategory>
    </channel>

    <channel>
        <cname>ALMAJD NATURE</cname>
        <imageurl>https://fbcdn-profile-a.akamaihd.net/hprofile-ak-prn1/t1.0-1/c14.21.172.172/297622_125611950872282_2086713406_n.jpg</imageurl>
        <enabled>True</enabled>
        <assignedcategory>
            <category>doc</category>
        </assignedcategory>
    </channel>

    <channel>
        <cname>ALMAJD DOC</cname>
        <imageurl>http://i1064.photobucket.com/albums/u379/zombiB/mjddoc_zpsb53e249f.png</imageurl>
        <enabled>True</enabled>
        <assignedcategory>
            <category>doc</category>
        </assignedcategory>
    </channel>

    <channel>
        <cname>DISCOVERY CHANNEL</cname>
        <imageurl>http://i1064.photobucket.com/albums/u379/zombiB/dscvvry_zpscf4d4864.png</imageurl>
        <enabled>True</enabled>
        <assignedcategory>
            <category>doc</category>
        </assignedcategory>
    </channel>

    <channel>
        <cname>ALMAJD RODA</cname>
        <imageurl>http://i1064.photobucket.com/albums/u379/zombiB/roda_zps138bad78.png</imageurl>
        <enabled>True</enabled>
        <assignedcategory>
            <category>kids</category>
        </assignedcategory>
    </channel>

    <channel>
        <cname>ALMAJD TAGHARID </cname>
        <imageurl>http://i1064.photobucket.com/albums/u379/zombiB/mjdtghreed_zps5118518f.png</imageurl>
        <enabled>True</enabled>
        <assignedcategory>
            <category>kids</category>
        </assignedcategory>
    </channel>

    <channel>
        <cname>ALMAJD KIDS 2</cname>
        <imageurl>http://i1064.photobucket.com/albums/u379/zombiB/mjd_zps1318b73d.png</imageurl>
        <enabled>True</enabled>
        <assignedcategory>
            <category>kids</category>
        </assignedcategory>
    </channel>

    <channel>
        <cname>ALMAJD KIDS</cname>
        <imageurl>http://i1064.photobucket.com/albums/u379/zombiB/mjd_zps1318b73d.png</imageurl>
        <enabled>True</enabled>
        <assignedcategory>
            <category>kids</category>
        </assignedcategory>
    </channel>
    <channel>
        <cname>I Film</cname>
        <imageurl>http://i1064.photobucket.com/albums/u379/zombiB/iflm_zps09b09a67.png</imageurl>
        <enabled>True</enabled>
        <assignedcategory>
            <category>drama</category>
        </assignedcategory>
    </channel>
    <channel>
        <cname>Panorama film</cname>
        <imageurl>http://i1064.photobucket.com/albums/u379/zombiB/pnfi_zps0c601d9a.png</imageurl>
        <enabled>True</enabled>
        <assignedcategory>
            <category>drama</category>
        </assignedcategory>
    </channel>
    <channel>
        <cname>Time cinema</cname>
        <imageurl>http://i1064.photobucket.com/albums/u379/zombiB/timecine_zpsd2d2b918.png</imageurl>
        <enabled>True</enabled>
        <assignedcategory>
            <category>drama</category>
        </assignedcategory>
    </channel>
    <channel>
        <cname>M3Ali Tv</cname>
        <imageurl>http://www.m3ali.tv/images23/index_06.jpg</imageurl>
        <enabled>True</enabled>
        <assignedcategory>
            <category>islam</category>
        </assignedcategory>
    </channel>
    <channel>
        <cname>Wesal Tv</cname>
        <imageurl>http://i1064.photobucket.com/albums/u379/zombiB/wsl_zpsd5639b30.png</imageurl>
        <enabled>True</enabled>
        <assignedcategory>
            <category>islam</category>
        </assignedcategory>
    </channel>
    <channel>
        <cname>sunnah TV</cname>
        <imageurl>http://i1064.photobucket.com/albums/u379/zombiB/snn_zpsd7d0fbe7.png</imageurl>
        <enabled>True</enabled>
        <assignedcategory>
            <category>islam</category>
        </assignedcategory>
    </channel>
    <channel>
        <cname>Quran TV ksa</cname>
        <imageurl>https://encrypted-tbn3.gstatic.com/images?q=tbn:ANd9GcRmVWS5gB7j1HX-o2RXZK1-0_Tvt1ZWEWLeI0Ui2tlF3VTT0axc-w</imageurl>
        <enabled>True</enabled>
        <assignedcategory>
            <category>islam</category>
        </assignedcategory>
    </channel>
    <channel>
        <cname>Haneen Channel</cname>
        <imageurl>http://i1064.photobucket.com/albums/u379/zombiB/7nin_zps53924899.png</imageurl>
        <enabled>True</enabled>
        <assignedcategory>
            <category>islam</category>
        </assignedcategory>
    </channel>
    <channel>
        <cname>ALMAJD MASSAH </cname>
        <imageurl>https://fbcdn-profile-a.akamaihd.net/hprofile-ak-ash3/t1.0-1/549503_356335044445213_724191675_n.jpg</imageurl>
        <enabled>True</enabled>
        <assignedcategory>
            <category>gulf</category>
        </assignedcategory>
    </channel>
    <channel>
        <cname>Future TV</cname>
        <imageurl>http://i1064.photobucket.com/albums/u379/zombiB/future_zps15d5f945.png</imageurl>
        <enabled>True</enabled>
        <assignedcategory>
            <category>sham</category>
        </assignedcategory>
    </channel>
    <channel>
        <cname>AL MASAR</cname>
        <imageurl>http://i1064.photobucket.com/albums/u379/zombiB/msr_zps6e7bcf6e.png</imageurl>
        <enabled>True</enabled>
        <assignedcategory>
            <category>Iraq</category>
        </assignedcategory>
    </channel>
    <channel>
        <cname>ALTAGHEER TV</cname>
        <imageurl>http://i1064.photobucket.com/albums/u379/zombiB/tgr_zps1e834a73.png</imageurl>
        <enabled>True</enabled>
        <assignedcategory>
            <category>Iraq</category>
        </assignedcategory>
    </channel>
    <channel>
        <cname>IRAQIA</cname>
        <imageurl>http://i1064.photobucket.com/albums/u379/zombiB/irq_zps5fe463d4.png</imageurl>
        <enabled>True</enabled>
        <assignedcategory>
            <category>Iraq</category>
        </assignedcategory>
    </channel>
    <channel>
        <cname>KTV PLUS</cname>
        <imageurl>http://i1064.photobucket.com/albums/u379/zombiB/ktvplu_zps08381349.png</imageurl>
        <enabled>True</enabled>
        <assignedcategory>
            <category>gulf</category>
        </assignedcategory>
    </channel>
    <channel>
        <cname>KTV ETRAA</cname>
        <imageurl>http://i1064.photobucket.com/albums/u379/zombiB/ktv3_zps679cc41a.png</imageurl>
        <enabled>True</enabled>
        <assignedcategory>
            <category>gulf</category>
        </assignedcategory>
    </channel>
    <channel>
        <cname>KTV ARABE</cname>
        <imageurl>http://i1064.photobucket.com/albums/u379/zombiB/ktv-ar_zpsabcc1026.png</imageurl>
        <enabled>True</enabled>
        <assignedcategory>
            <category>gulf</category>
            <category>doc</category>
        </assignedcategory>
    </channel>
    <channel>
        <cname>KTV 2</cname>
        <imageurl>http://i1064.photobucket.com/albums/u379/zombiB/ktv22_zpsda7ea6f9.png</imageurl>
        <enabled>True</enabled>
        <assignedcategory>
            <category>gulf</category>
        </assignedcategory>
    </channel>
    <channel>
        <cname>Alrai</cname>
        <imageurl>http://i1064.photobucket.com/albums/u379/zombiB/rai_zpsc466a183.png</imageurl>
        <enabled>True</enabled>
        <assignedcategory>
            <category>gulf</category>
        </assignedcategory>
    </channel>

</channels>
